,Date,Time,open,high,low,close,volume,ST_Buy,ST_Sell,ST_Buy52,ST_Sell52,ST73,ST102,ST113
0,27-10-2023,09:15:00,43145.5,43389.85,43145.5,43261.85,1290.0,,,,,,,
1,27-10-2023,09:20:00,43279.0,43325.0,43279.0,43325.0,1080.0,,,,,,,
2,27-10-2023,09:25:00,43327.25,43336.75,43325.0,43336.55,525.0,,,,,,,
3,27-10-2023,09:30:00,43335.0,43369.75,43335.0,43369.75,885.0,,,,,,,
4,27-10-2023,09:35:00,43357.6,43460.0,43357.6,43439.95,1710.0,,,,,,,
5,27-10-2023,09:40:00,43450.0,43450.0,43425.0,43443.15,855.0,,,,,,,
6,27-10-2023,09:45:00,43450.05,43501.05,43415.0,43501.05,1065.0,,,,,,,
7,27-10-2023,09:50:00,43483.95,43526.6,43469.6,43474.25,960.0,,,,,,,
8,27-10-2023,09:55:00,43474.25,43474.25,43449.25,43452.8,705.0,,,,,,,
9,27-10-2023,10:00:00,43452.8,43502.65,43452.8,43485.15,180.0,,,,,,,
10,27-10-2023,10:05:00,43477.8,43496.8,43475.0,43490.0,180.0,,,,,,,
11,27-10-2023,10:10:00,43490.0,43490.0,43432.2,43453.85,225.0,,,,,,,
12,27-10-2023,10:15:00,43453.85,43458.55,43416.4,43458.4,420.0,,,,,,,
13,27-10-2023,10:20:00,43446.3,43446.3,43394.7,43409.4,360.0,,,,,,,
14,27-10-2023,10:25:00,43409.4,43468.55,43409.4,43468.55,615.0,,,,,,,
15,27-10-2023,10:30:00,43468.55,43480.4,43468.55,43480.4,45.0,,,,,,,
16,27-10-2023,10:35:00,43480.4,43480.4,43475.3,43475.3,45.0,,,,,,,
17,27-10-2023,10:40:00,43475.3,43475.3,43470.0,43470.0,45.0,,,,,,,
18,27-10-2023,10:45:00,43470.0,43470.0,43470.0,43470.0,15.0,,,,,,,
19,27-10-2023,10:50:00,43470.0,43475.0,43470.0,43475.0,150.0,,,,,,,
20,27-10-2023,10:55:00,43475.0,43475.0,43469.9,43475.0,30.0,,,,,,,
21,27-10-2023,11:05:00,43495.95,43502.85,43489.65,43490.0,165.0,,,,,,,
22,07-02-2024,17:37,1022.15,1022.15,1022.15,1026.4,,,,,,,,
23,07-02-2024,17:38,1022.15,1022.15,1022.15,1022.15,,,,,,,,
24,07-02-2024,17:39,1022.15,1022.15,1022.15,1022.15,,,,,,,,
25,07-02-2024,17:44,1022.15,1022.15,1022.15,1022.15,,,,,,,,
26,07-02-2024,17:49,1022.15,1022.15,1022.15,1022.15,,,,,,,,
27,07-02-2024,17:54,1022.15,1022.15,1022.15,1022.15,,,,,,,,
28,07-02-2024,17:59,1022.15,1022.15,1022.15,1022.15,,,,,,,,
29,07-02-2024,18:04,1022.15,1022.15,1022.15,1022.15,,,,,,,,
30,07-02-2024,18:09,1022.15,1022.15,1022.15,1022.15,,,,,,,,
31,07-02-2024,18:14,1022.15,1022.15,1022.15,1022.15,,,,,,,,
32,07-02-2024,18:19,1022.15,1022.15,1022.15,1022.15,,,,,,,,
33,12-02-2024,11:44,1004.2,1004.6,1003.55,1010.7,,,,,,,,
34,12-02-2024,11:54,1003.9,1004.4,1002.5,1003.05,,,,,,,,
35,12-02-2024,11:59,1003.2,1004.0,1002.15,1003.65,,,,,,,,
36,12-02-2024,12:04,1003.7,1003.7,1000.2,1000.2,,,,,,,,
37,12-02-2024,12:09,1000.1,1000.6,995.65,996.05,,,,,,,,
38,12-02-2024,12:14,996.0,996.8,995.65,995.95,,,,,,,,
39,12-02-2024,12:19,995.95,996.45,995.6,996.25,,,,,,,,
40,12-02-2024,12:24,996.25,996.45,995.1,996.05,,,,,,,,
41,12-02-2024,12:29,996.05,997.0,994.0,996.65,,,,,,,,
42,12-02-2024,12:34,996.65,998.1,995.65,996.0,,,,,,,,
43,12-02-2024,12:39,995.9,996.45,995.15,996.1,,,,,,,,
44,12-02-2024,12:44,996.1,996.15,994.6,994.95,,,,,,,,
45,12-02-2024,12:49,994.9,995.4,991.05,991.9,,,,,,,,
46,12-02-2024,12:54,992.3,992.85,991.05,992.45,,,,,,,,
47,12-02-2024,13:09,992.4,992.4,985.55,988.3,,,,,,,,
48,12-02-2024,13:14,988.25,989.2,987.6,988.55,,,,,,,,
49,12-02-2024,13:24,988.55,990.0,986.65,988.35,,,,,,,,
50,12-02-2024,13:29,988.25,989.6,987.8,989.05,,,,,,,,
51,12-02-2024,13:34,989.1,990.85,988.25,989.95,,,,,,,,
52,12-02-2024,13:39,990.15,991.45,989.8,990.7,,,,,,,,
53,12-02-2024,13:44,990.45,991.2,989.85,990.5,,,,,,,,
54,12-02-2024,13:49,990.5,990.8,988.85,990.0,,,,,,,,
55,12-02-2024,13:54,989.95,990.0,986.4,987.6,,,,,,,,
56,12-02-2024,13:59,987.55,990.65,987.0,990.35,,,,,,,,
57,12-02-2024,14:04,990.35,991.95,990.15,991.6,,,,,,,,
58,12-02-2024,14:09,991.7,992.8,991.15,992.3,,,,,,,,
59,12-02-2024,14:14,992.3,995.9,992.2,995.75,,,,,,,,
60,12-02-2024,14:19,995.75,996.0,992.95,993.05,,,,,,,,
61,12-02-2024,14:24,993.05,993.45,991.5,992.0,,,,,,,,
62,12-02-2024,14:29,992.2,993.5,991.5,993.25,,,,,,,,
63,12-02-2024,15:04,997.6,998.0,995.35,997.55,,,,,,,,
64,12-02-2024,15:09,997.5,998.25,996.25,997.65,,,,,,,,
65,12-02-2024,15:14,997.65,997.65,993.55,994.6,,,,,,,,
66,12-02-2024,15:19,994.8,995.9,993.65,995.25,,,,,,,,
67,12-02-2024,15:24,995.25,997.5,994.65,997.15,,,,,,,,
68,12-02-2024,15:29,997.2,997.45,994.65,995.0,,,,,,,,
69,13-02-2024,14:09,1025.05,1025.75,1024.7,996.1,,,,,,,,
70,13-02-2024,14:14,1025.0,1025.6,1022.65,1023.15,,,,,,,,
71,13-02-2024,14:19,1023.15,1023.4,1020.8,1021.5,,,,,,,,
72,13-02-2024,14:24,1021.4,1022.95,1021.0,1021.95,,,,,,,,
73,13-02-2024,14:29,1022.0,1022.95,1020.35,1021.1,,,,,,,,
74,13-02-2024,14:34,1021.1,1021.4,1019.35,1020.9,,,,,,,,
75,13-02-2024,14:39,1020.85,1022.3,1019.85,1020.55,,,,,,,,
76,13-02-2024,14:44,1020.3,1021.25,1019.05,1019.75,,,,,,,,
77,13-02-2024,14:49,1019.75,1020.3,1019.1,1020.05,,,,,,,,
78,13-02-2024,14:54,1019.6,1023.0,1019.3,1023.0,,,,,,,,
79,13-02-2024,14:59,1022.5,1023.85,1021.55,1022.15,,,,,,,,
80,13-02-2024,15:04,1022.05,1022.7,1018.15,1019.05,,,,,,,,
81,13-02-2024,15:09,1019.35,1020.05,1018.2,1019.25,,,,,,,,
82,13-02-2024,15:14,1019.05,1022.05,1018.35,1020.95,,,,,,,,
83,13-02-2024,15:19,1020.75,1023.05,1019.3,1019.6,,,,,,,,
84,13-02-2024,15:24,1019.45,1020.5,1017.7,1018.55,,,,,,,,
85,13-02-2024,15:29,1018.55,1018.9,1016.15,1018.55,,,,,,,,
86,14-02-2024,12:04,1024.85,1025.4,1024.1,1019.8,,,,,,,,
87,14-02-2024,12:09,1024.85,1026.2,1024.6,1025.35,,,,,,,,
88,14-02-2024,12:14,1025.4,1027.55,1024.85,1026.0,,,,,,,,
89,14-02-2024,12:19,1026.0,1027.45,1026.0,1026.95,,,,,,,,
90,14-02-2024,12:24,1027.05,1028.15,1026.15,1027.3,,,,,,,,
91,14-02-2024,12:29,1027.1,1029.95,1027.1,1028.8,,,,,,,,
92,14-02-2024,12:34,1029.0,1030.0,1027.75,1028.6,,,,,,,,
93,14-02-2024,12:39,1028.7,1028.95,1027.85,1028.2,,,,,,,,
94,14-02-2024,12:44,1028.15,1028.55,1027.45,1028.15,,,,,,,,
95,14-02-2024,12:49,1028.2,1028.8,1026.5,1026.65,,,,,,,,
96,14-02-2024,12:54,1026.7,1027.55,1025.55,1026.7,,,,,,,,
97,14-02-2024,12:59,1026.6,1030.0,1026.6,1030.0,,,,,,,,
98,14-02-2024,13:04,1029.95,1031.65,1029.2,1031.4,,,,,,,,
99,14-02-2024,13:09,1031.7,1032.3,1030.2,1030.6,,,,,,,,
100,14-02-2024,13:14,1030.45,1031.0,1028.7,1029.55,,,,,,,,
101,14-02-2024,13:19,1029.55,1029.85,1027.0,1027.9,,,,,,,,
102,14-02-2024,13:24,1027.75,1028.0,1025.0,1025.1,,,,,,,,
103,14-02-2024,13:29,1025.4,1026.65,1024.6,1025.3,,,,,,,,
104,14-02-2024,13:34,1025.5,1025.9,1022.9,1024.25,,,,,,,,
105,14-02-2024,13:39,1024.2,1025.1,1022.65,1023.75,,,,,,,,
106,14-02-2024,13:44,1023.8,1024.05,1022.2,1022.85,,,,,,,,
107,14-02-2024,13:49,1022.8,1026.25,1022.15,1025.35,,,,,,,,
108,14-02-2024,13:54,1025.35,1025.95,1022.5,1022.6,,,,,,,,
109,14-02-2024,13:59,1022.5,1023.1,1021.65,1022.25,,,,,,,,
110,14-02-2024,14:04,1022.05,1022.6,1020.1,1021.4,,,,,,,,
111,14-02-2024,14:09,1021.1,1022.7,1020.35,1022.6,,,,,,,,
112,14-02-2024,14:14,1022.05,1024.9,1020.4,1024.85,,,,,,,,
113,14-02-2024,14:19,1024.9,1027.0,1023.35,1024.7,,,,,,,,
114,14-02-2024,14:24,1024.5,1028.8,1024.1,1028.8,,,,,,,,
115,14-02-2024,14:29,1028.6,1028.6,1026.35,1027.75,,,,,,,,
116,14-02-2024,14:34,1027.8,1030.95,1026.85,1030.5,,,,,,,,
117,14-02-2024,14:39,1030.1,1031.4,1029.3,1030.65,,,,,,,,
118,14-02-2024,14:44,1030.6,1033.95,1030.3,1033.95,,,,,,,,
119,14-02-2024,14:49,1033.65,1035.65,1032.0,1034.6,,,,,,,,
120,14-02-2024,14:54,1034.7,1034.75,1032.3,1032.5,,,,,,,,
121,14-02-2024,14:59,1032.5,1032.9,1029.3,1029.75,,,,,,,,
122,14-02-2024,15:04,1029.75,1030.05,1025.0,1025.2,,,,,,,,
123,15-02-2024,12:14,1013.4,1013.75,1013.0,1022.7,,,,,,,,
124,15-02-2024,12:19,1013.6,1013.8,1012.15,1013.3,,,,,,,,
125,15-02-2024,12:24,1012.95,1014.9,1012.8,1014.85,,,,,,,,
126,15-02-2024,12:29,1014.5,1014.95,1013.5,1014.2,,,,,,,,
127,15-02-2024,12:34,1014.1,1014.35,1011.0,1012.15,,,,,,,,
128,15-02-2024,12:39,1012.3,1013.25,1011.8,1012.5,,,,,,,,
129,15-02-2024,12:44,1012.45,1013.35,1011.15,1012.0,,,,,,,,
130,15-02-2024,12:49,1012.0,1013.0,1010.3,1013.0,,,,,,,,
131,15-02-2024,12:54,1012.9,1012.9,1011.1,1011.6,,,,,,,,
132,15-02-2024,12:59,1011.65,1012.0,1011.0,1011.85,,,,,,,,
133,15-02-2024,13:04,1011.95,1013.4,1011.05,1013.3,,,,,,,,
134,15-02-2024,13:09,1013.3,1013.7,1012.65,1013.1,,,,,,,,
135,15-02-2024,13:14,1013.1,1014.2,1012.6,1013.4,,,,,,,,
136,15-02-2024,13:19,1013.55,1013.9,1012.5,1012.9,,,,,,,,
137,15-02-2024,13:24,1012.85,1014.5,1012.45,1012.95,,,,,,,,
138,15-02-2024,13:29,1013.15,1015.3,1012.45,1014.95,,,,,,,,
139,15-02-2024,13:34,1014.9,1015.15,1013.55,1014.0,,,,,,,,
140,15-02-2024,13:39,1014.0,1017.0,1013.75,1017.0,,,,,,,,
141,15-02-2024,13:44,1017.25,1019.0,1016.5,1018.5,,,,,,,,
142,15-02-2024,13:49,1018.55,1019.0,1017.45,1017.9,,,,,,,,
143,15-02-2024,13:54,1018.25,1018.4,1016.8,1017.9,,,,,,,,
144,15-02-2024,13:59,1017.75,1018.5,1016.05,1018.5,,,,,,,,
145,15-02-2024,14:04,1018.25,1018.55,1015.65,1015.95,,,,,,,,
146,15-02-2024,14:09,1015.95,1017.0,1015.2,1016.4,,,,,,,,
147,15-02-2024,14:14,1016.35,1017.35,1014.95,1014.95,,,,,,,,
148,15-02-2024,14:19,1014.55,1015.2,1013.35,1013.85,,,,,,,,
149,15-02-2024,14:24,1013.85,1014.4,1011.1,1011.25,,,,,,,,
150,15-02-2024,14:29,1011.45,1013.55,1011.05,1013.3,,,,,,,,
151,15-02-2024,14:34,1013.1,1014.2,1012.6,1013.7,,,,,,,,
152,15-02-2024,14:39,1013.75,1015.2,1013.05,1015.05,,,,,,,,
153,15-02-2024,14:44,1015.2,1015.65,1014.1,1014.4,,,,,,,,
154,15-02-2024,14:49,1014.45,1016.0,1014.45,1015.95,,,,,,,,
155,15-02-2024,14:54,1016.0,1018.0,1015.95,1017.4,,,,,,,,
156,15-02-2024,14:59,1017.4,1017.65,1014.6,1015.9,,,,,,,,
157,15-02-2024,15:04,1015.9,1017.7,1015.1,1017.2,,,,,,,,
158,15-02-2024,15:14,1014.6,1015.95,1014.35,1015.75,,,,,,,,
159,15-02-2024,15:19,1015.7,1016.9,1015.0,1016.05,,,,,,,,
160,15-02-2024,15:24,1016.2,1019.4,1016.0,1019.0,,,,,,,,
161,15-02-2024,15:29,1019.0,1020.0,1019.0,1019.1,,,,,,,,
162,16-02-2024,12:14,1022.55,1022.55,1021.35,1016.65,,,,,,,,
163,16-02-2024,12:19,1021.4,1021.7,1020.1,1020.25,,,,,,,,
164,16-02-2024,12:24,1020.2,1020.45,1018.75,1019.2,,,,,,,,
165,16-02-2024,12:29,1019.05,1019.2,1018.15,1018.25,,,,,,,,
166,16-02-2024,12:34,1018.25,1018.75,1018.0,1018.15,,,,,,,,
167,16-02-2024,12:39,1018.15,1018.6,1017.65,1018.3,,,,,,,,
168,16-02-2024,12:44,1018.15,1018.55,1017.5,1018.1,,,,,,,,
169,16-02-2024,12:49,1018.05,1018.65,1017.25,1018.4,,,,,,,,
170,16-02-2024,12:54,1018.45,1019.1,1017.65,1017.9,,,,,,,,
171,16-02-2024,12:59,1017.6,1018.55,1017.4,1017.55,,,,,,,,
172,16-02-2024,13:04,1017.55,1018.75,1017.0,1017.7,,,,,,,,
173,16-02-2024,13:09,1017.75,1020.0,1017.75,1019.95,,,,,,,,
174,16-02-2024,13:14,1019.65,1020.0,1019.25,1019.5,,,,,,,,
175,16-02-2024,13:19,1019.55,1021.5,1019.25,1021.0,,,,,,,,
176,16-02-2024,13:24,1021.0,1021.35,1020.3,1020.6,,,,,,,,
177,16-02-2024,13:29,1020.5,1020.9,1019.6,1019.7,,,,,,,,
178,16-02-2024,13:34,1019.7,1020.7,1018.85,1020.55,,,,,,,,
179,16-02-2024,13:39,1020.9,1022.15,1020.35,1020.65,,,,,,,,
180,16-02-2024,13:44,1020.7,1022.45,1020.5,1022.45,,,,,,,,
181,16-02-2024,13:49,1022.15,1025.9,1021.6,1025.4,,,,,,,,
182,16-02-2024,13:54,1025.45,1026.0,1023.75,1024.55,,,,,,,,
183,16-02-2024,13:59,1024.7,1025.0,1023.05,1023.15,,,,,,,,
184,16-02-2024,14:04,1023.65,1023.65,1022.15,1022.75,,,,,,,,
185,16-02-2024,14:09,1022.55,1023.1,1020.05,1020.5,,,,,,,,
186,16-02-2024,14:14,1020.45,1021.8,1018.25,1020.9,,,,,,,,
187,16-02-2024,14:19,1020.8,1021.5,1019.85,1021.05,,,,,,,,
188,16-02-2024,14:24,1021.3,1021.5,1019.35,1020.1,,,,,,,,
189,16-02-2024,14:29,1020.6,1022.75,1020.25,1022.5,,,,,,,,
190,16-02-2024,14:34,1022.1,1023.0,1020.95,1023.0,,,,,,,,
191,16-02-2024,14:39,1022.6,1024.85,1021.9,1024.25,,,,,,,,
192,16-02-2024,14:44,1024.3,1024.6,1021.55,1021.75,,,,,,,,
193,16-02-2024,14:49,1021.45,1023.0,1021.25,1022.2,,,,,,,,
194,16-02-2024,14:54,1022.2,1023.4,1021.3,1021.95,,,,,,,,
195,16-02-2024,14:59,1022.4,1023.0,1021.7,1022.7,,,,,,,,
196,16-02-2024,15:04,1022.85,1023.25,1020.75,1021.45,,,,,,,,
197,16-02-2024,15:09,1021.3,1023.15,1021.1,1022.1,,,,,,,,
198,16-02-2024,15:14,1022.1,1023.9,1021.6,1022.8,,,,,,,,
199,16-02-2024,15:19,1022.7,1024.45,1022.35,1024.2,,,,,,,,
200,20-02-2024,14:49,1045.0,1045.35,1043.35,1043.75,,,,,,,,
201,20-02-2024,14:54,1043.45,1046.35,1043.45,1045.55,,,,,,,,
202,20-02-2024,14:59,1045.55,1045.9,1043.25,1043.5,,,,,,,,
203,20-02-2024,15:04,1043.2,1049.0,1043.2,1047.9,,,,,,,,
204,20-02-2024,15:09,1048.15,1049.5,1047.95,1048.9,,,,,,,,
205,20-02-2024,15:14,1048.95,1050.0,1046.9,1049.0,,,,,,,,
206,20-02-2024,15:19,1049.0,1050.35,1048.5,1049.75,,,,,,,,
207,20-02-2024,15:24,1049.75,1050.65,1049.4,1050.35,,,,,,,,
208,20-02-2024,15:29,1050.3,1050.55,1047.7,1049.8,,,,,,,,
209,21-02-2024,14:24,1057.0,1057.0,1054.5,1048.75,,,,,,,,
210,21-02-2024,14:29,1054.8,1056.25,1054.8,1055.4,,,,,,,,
211,21-02-2024,14:34,1055.45,1055.65,1053.85,1054.3,,,,,,,,
212,21-02-2024,14:39,1054.25,1054.5,1052.65,1053.25,,,,,,,,
213,21-02-2024,14:44,1053.2,1055.3,1052.7,1055.0,,,,,,,,
214,21-02-2024,14:49,1054.95,1057.15,1053.95,1056.35,,,,,,,,
215,21-02-2024,14:54,1056.4,1056.9,1054.95,1054.95,,,,,,,,
216,21-02-2024,14:59,1054.95,1056.0,1053.7,1055.5,,,,,,,,
217,21-02-2024,15:04,1055.5,1055.65,1053.1,1053.35,,,,,,,,
218,21-02-2024,15:09,1053.35,1054.2,1052.65,1053.05,,,,,,,,
219,21-02-2024,15:14,1053.0,1054.25,1052.25,1052.45,,,,,,,,
220,21-02-2024,15:19,1052.3,1052.65,1051.45,1051.75,,,,,,,,
221,21-02-2024,15:24,1051.75,1051.75,1049.3,1049.35,,,,,,,,
222,21-02-2024,15:29,1049.4,1051.2,1048.0,1048.25,,,,,,,,
223,22-02-2024,12:19,1047.65,1048.75,1047.25,1051.95,,,,,,,,
224,22-02-2024,12:24,1047.75,1048.4,1046.75,1047.75,,,,,,,,
225,22-02-2024,12:29,1047.75,1048.4,1046.95,1048.35,,,,,,,,
226,22-02-2024,12:34,1048.35,1048.75,1047.5,1048.05,,,,,,,,
227,22-02-2024,12:39,1048.05,1049.4,1047.8,1049.0,,,,,,,,
228,22-02-2024,12:44,1049.0,1049.6,1047.55,1048.5,,,,,,,,
229,22-02-2024,12:49,1048.5,1048.6,1047.05,1048.05,,,,,,,,
230,22-02-2024,12:54,1048.05,1048.9,1047.35,1047.7,,,,,,,,
231,22-02-2024,12:59,1047.7,1048.75,1047.45,1048.65,,,,,,,,
232,22-02-2024,13:04,1048.55,1049.0,1047.5,1048.85,,,,,,,,
233,22-02-2024,13:09,1048.85,1050.45,1048.25,1049.85,,,,,,,,
234,22-02-2024,13:14,1049.85,1050.0,1048.05,1048.3,,,,,,,,
235,22-02-2024,13:19,1048.65,1049.75,1048.0,1049.4,,,,,,,,
236,22-02-2024,13:24,1049.4,1050.0,1048.65,1049.4,,,,,,,,
237,22-02-2024,13:29,1049.4,1050.75,1049.4,1050.45,,,,,,,,
238,22-02-2024,13:34,1050.5,1051.0,1050.05,1050.6,,,,,,,,
239,22-02-2024,13:39,1050.6,1053.9,1049.95,1053.7,,,,,,,,
240,22-02-2024,13:44,1053.7,1055.0,1052.75,1054.7,,,,,,,,
241,22-02-2024,13:49,1054.75,1055.85,1054.2,1055.7,,,,,,,,
242,22-02-2024,13:54,1055.7,1058.0,1055.6,1057.25,,,,,,,,
243,22-02-2024,13:59,1057.3,1059.8,1056.15,1059.55,,,,,,,,
244,22-02-2024,14:04,1059.55,1061.85,1058.85,1059.6,,,,,,,,
245,22-02-2024,14:09,1059.55,1060.55,1058.2,1059.25,,,,,,,,
246,22-02-2024,14:14,1058.85,1059.6,1057.2,1057.9,,,,,,,,
247,22-02-2024,14:19,1057.6,1059.5,1056.95,1057.1,,,,,,,,
248,22-02-2024,14:24,1057.05,1057.2,1055.05,1056.05,,,,,,,,
249,22-02-2024,14:29,1055.95,1058.75,1055.6,1058.1,,,,,,,,
250,22-02-2024,14:34,1057.85,1058.25,1055.55,1056.3,,,,,,,,
251,22-02-2024,15:19,1064.85,1065.25,1064.25,1065.25,,,,,,,,
252,22-02-2024,15:24,1065.35,1065.85,1063.65,1064.55,,,,,,,,
253,22-02-2024,15:29,1064.6,1064.75,1061.65,1062.45,,,,,,,,
254,23-02-2024,14:09,1065.35,1065.45,1063.1,1062.7,,,,,,,,
255,23-02-2024,14:14,1063.75,1064.5,1061.95,1061.95,,,,,,,,
256,23-02-2024,14:19,1061.95,1064.3,1061.1,1064.25,,,,,,,,
257,23-02-2024,14:24,1064.0,1064.3,1062.2,1062.7,,,,,,,,
258,23-02-2024,14:29,1062.7,1062.9,1060.1,1061.7,,,,,,,,
259,23-02-2024,14:34,1061.9,1061.9,1060.3,1061.2,,,,,,,,
260,23-02-2024,14:39,1061.15,1063.7,1060.5,1063.4,,,,,,,,
261,23-02-2024,14:44,1063.5,1065.0,1062.75,1064.9,,,,,,,,
262,23-02-2024,14:49,1064.9,1065.0,1062.45,1062.45,,,,,,,,
263,23-02-2024,14:54,1062.45,1063.3,1060.95,1062.65,,,,,,,,
264,23-02-2024,14:59,1062.4,1063.25,1061.95,1062.8,,,,,,,,
265,23-02-2024,15:04,1062.6,1063.45,1059.85,1060.05,,,,,,,,
266,23-02-2024,15:09,1060.15,1061.95,1059.6,1060.65,,,,,,,,
267,23-02-2024,15:14,1060.7,1061.5,1059.75,1060.8,,,,,,,,
268,23-02-2024,15:19,1060.8,1061.35,1058.5,1061.15,,,,,,,,
269,23-02-2024,15:24,1061.15,1063.45,1060.45,1062.7,,,,,,,,
270,23-02-2024,15:29,1062.7,1063.5,1060.05,1060.55,,,,,,,,
271,26-02-2024,10:19,1056.35,1057.9,1055.7,1061.3,,,,,,,,
272,26-02-2024,10:24,1056.15,1058.0,1055.3,1056.85,,,,,,,,
273,26-02-2024,10:29,1056.65,1057.55,1055.6,1056.05,,,,,,,,
274,26-02-2024,10:34,1056.05,1058.0,1056.05,1057.95,,,,,,,,
275,26-02-2024,10:39,1057.95,1059.65,1057.65,1058.45,,,,,,,,
276,26-02-2024,10:44,1058.45,1058.5,1056.7,1056.95,,,,,,,,
277,26-02-2024,10:49,1056.95,1058.15,1056.85,1058.05,,,,,,,,
278,26-02-2024,10:54,1058.05,1058.2,1056.65,1057.05,,,,,,,,
279,26-02-2024,10:59,1057.05,1057.65,1055.95,1055.95,,,,,,,,
280,26-02-2024,11:04,1055.95,1057.8,1055.4,1057.55,,,,,,,,
281,26-02-2024,11:09,1057.55,1057.95,1057.55,1057.7,,,,,,,,
282,26-02-2024,11:14,1057.65,1057.65,1056.75,1057.05,,,,,,,,
283,26-02-2024,11:19,1057.0,1057.95,1056.95,1057.75,,,,,,,,
284,26-02-2024,11:24,1057.7,1057.75,1056.4,1057.15,,,,,,,,
285,26-02-2024,11:29,1057.2,1057.35,1056.35,1056.6,,,,,,,,
286,26-02-2024,11:34,1056.6,1056.6,1054.5,1054.5,,,,,,,,
287,26-02-2024,11:39,1054.7,1055.15,1053.6,1054.65,,,,,,,,
288,26-02-2024,11:44,1054.8,1055.8,1054.25,1055.45,,,,,,,,
289,26-02-2024,11:49,1055.45,1056.0,1054.95,1055.6,,,,,,,,
290,26-02-2024,11:54,1055.75,1055.95,1054.5,1054.5,,,,,,,,
291,26-02-2024,11:59,1054.7,1056.25,1054.3,1055.95,,,,,,,,
292,26-02-2024,12:04,1055.95,1056.25,1055.05,1055.35,,,,,,,,
293,26-02-2024,12:09,1055.45,1056.35,1055.25,1055.85,,,,,,,,
294,26-02-2024,12:14,1055.95,1056.7,1055.75,1056.3,,,,,,,,
295,26-02-2024,12:19,1056.3,1056.35,1053.85,1054.15,,,,,,,,
296,26-02-2024,12:24,1054.15,1054.8,1054.1,1054.15,,,,,,,,
297,26-02-2024,12:29,1054.15,1057.6,1054.1,1055.9,,,,,,,,
298,26-02-2024,12:34,1056.0,1056.6,1055.35,1056.45,,,,,,,,
299,26-02-2024,13:04,1056.9,1057.15,1056.55,1056.9,,,,,,,,
300,26-02-2024,13:09,1056.7,1058.4,1056.65,1058.1,,,,,,,,
301,26-02-2024,13:14,1058.05,1060.65,1058.05,1058.9,,,,,,,,
302,26-02-2024,13:19,1058.9,1059.6,1057.85,1058.1,,,,,,,,
303,26-02-2024,13:24,1058.1,1058.1,1057.3,1057.4,,,,,,,,
304,26-02-2024,13:29,1057.3,1058.75,1057.3,1057.9,,,,,,,,
305,26-02-2024,13:34,1057.85,1058.35,1056.0,1056.4,,,,,,,,
306,26-02-2024,13:39,1056.4,1056.9,1055.1,1055.8,,,,,,,,
307,26-02-2024,13:44,1055.8,1056.05,1053.55,1053.85,,,,,,,,
308,26-02-2024,13:49,1053.75,1055.35,1053.5,1054.7,,,,,,,,
309,26-02-2024,13:54,1054.75,1055.0,1053.3,1053.75,,,,,,,,
310,26-02-2024,13:59,1053.8,1054.15,1052.35,1053.3,,,,,,,,
311,26-02-2024,14:04,1053.3,1053.95,1052.6,1052.7,,,,,,,,
312,26-02-2024,14:09,1052.7,1054.8,1052.7,1053.5,,,,,,,,
313,26-02-2024,14:14,1053.65,1054.0,1051.8,1051.85,,,,,,,,
314,26-02-2024,14:19,1051.8,1052.95,1051.35,1051.9,,,,,,,,
315,26-02-2024,14:24,1052.25,1054.2,1051.75,1053.95,,,,,,,,
316,26-02-2024,14:29,1053.95,1054.05,1051.85,1052.35,,,,,,,,
317,26-02-2024,14:34,1052.15,1054.2,1052.0,1052.0,,,,,,,,
318,26-02-2024,14:39,1051.9,1053.55,1051.9,1051.9,,,,,,,,
319,26-02-2024,14:44,1051.95,1054.15,1051.9,1053.45,,,,,,,,
320,26-02-2024,14:49,1053.45,1054.45,1052.1,1052.6,,,,,,,,
321,26-02-2024,14:54,1052.65,1053.15,1051.65,1052.6,,,,,,,,
322,26-02-2024,14:59,1052.35,1052.9,1051.6,1051.6,,,,,,,,
323,26-02-2024,15:04,1051.95,1056.0,1051.75,1054.05,,,,,,,,
324,26-02-2024,15:09,1054.2,1054.75,1052.85,1054.45,,,,,,,,
325,26-02-2024,15:14,1054.45,1054.8,1053.15,1053.7,,,,,,,,
326,26-02-2024,15:19,1053.7,1054.95,1053.7,1054.6,,,,,,,,
327,26-02-2024,15:24,1054.8,1055.0,1054.1,1054.1,,,,,,,,
328,26-02-2024,15:29,1054.25,1054.95,1052.0,1053.4,,,,,,,,
329,27-02-2024,10:04,1051.05,1051.55,1050.95,1054.2,,,,,,,,
330,27-02-2024,10:09,1051.1,1051.3,1046.9,1048.4,,,,,,,,
331,27-02-2024,10:14,1048.4,1049.55,1047.35,1047.95,,,,,,,,
332,27-02-2024,10:19,1047.95,1049.8,1047.35,1049.0,,,,,,,,
333,27-02-2024,10:24,1048.75,1049.4,1047.3,1048.9,,,,,,,,
334,27-02-2024,10:29,1048.9,1049.9,1048.0,1048.05,,,,,,,,
335,27-02-2024,10:34,1048.0,1048.4,1046.9,1047.6,,,,,,,,
336,27-02-2024,10:39,1047.45,1047.65,1046.9,1046.9,,,,,,,,
337,27-02-2024,10:44,1047.1,1047.9,1046.5,1047.8,,,,,,,,
338,27-02-2024,10:49,1048.25,1048.85,1047.45,1048.3,,,,,,,,
339,27-02-2024,10:54,1048.1,1048.95,1047.55,1047.95,,,,,,,,
340,27-02-2024,10:59,1047.85,1049.8,1047.85,1049.5,,,,,,,,
341,27-02-2024,11:04,1049.3,1051.2,1048.15,1049.7,,,,,,,,
342,27-02-2024,11:09,1049.6,1050.7,1049.45,1050.15,,,,,,,,
343,27-02-2024,11:14,1049.95,1050.15,1048.8,1049.35,,,,,,,,
344,27-02-2024,11:19,1049.35,1050.0,1047.85,1048.5,,,,,,,,
345,27-02-2024,11:24,1048.5,1051.75,1047.95,1050.55,,,,,,,,
346,27-02-2024,11:29,1050.35,1051.7,1049.75,1051.5,,,,,,,,
347,27-02-2024,11:34,1051.6,1051.6,1050.75,1051.15,,,,,,,,
348,27-02-2024,11:39,1051.15,1051.35,1050.65,1051.35,,,,,,,,
349,27-02-2024,11:44,1051.35,1051.8,1049.45,1050.1,,,,,,,,
350,27-02-2024,11:49,1050.45,1050.75,1049.8,1050.05,,,,,,,,
351,27-02-2024,11:54,1050.0,1051.65,1049.95,1050.9,,,,,,,,
352,27-02-2024,11:59,1051.25,1052.6,1051.05,1052.2,,,,,,,,
353,27-02-2024,12:04,1052.25,1052.6,1051.2,1051.2,,,,,,,,
354,27-02-2024,12:24,1051.15,1051.7,1050.8,1051.4,,,,,,,,
355,27-02-2024,12:29,1051.5,1052.0,1050.65,1051.0,,,,,,,,
356,27-02-2024,12:34,1051.0,1052.0,1050.25,1050.7,,,,,,,,
357,27-02-2024,12:39,1050.7,1052.6,1050.3,1052.5,,,,,,,,
358,27-02-2024,12:44,1052.5,1054.4,1052.4,1053.65,,,,,,,,
359,27-02-2024,12:49,1053.85,1056.7,1053.4,1056.1,,,,,,,,
360,27-02-2024,12:54,1056.1,1057.8,1055.9,1057.4,,,,,,,,
361,27-02-2024,12:59,1057.55,1058.95,1057.55,1058.7,,,,,,,,
362,27-02-2024,13:04,1058.7,1059.3,1057.65,1058.9,,,,,,,,
363,27-02-2024,13:09,1058.5,1059.7,1058.0,1058.4,,,,,,,,
364,27-02-2024,13:14,1058.5,1062.05,1058.1,1062.0,,,,,,,,
365,27-02-2024,13:19,1061.95,1062.4,1059.45,1062.0,,,,,,,,
366,27-02-2024,13:24,1061.5,1062.15,1059.25,1060.65,,,,,,,,
367,27-02-2024,13:29,1060.6,1061.05,1059.2,1060.05,,,,,,,,
368,27-02-2024,13:34,1060.1,1062.95,1060.1,1061.65,,,,,,,,
369,27-02-2024,13:39,1061.65,1063.6,1061.05,1062.65,,,,,,,,
370,27-02-2024,13:44,1062.95,1064.1,1062.55,1063.3,,,,,,,,
371,27-02-2024,13:49,1063.05,1064.35,1062.25,1063.85,,,,,,,,
372,27-02-2024,13:54,1064.25,1064.95,1063.0,1063.1,,,,,,,,
373,27-02-2024,13:59,1063.55,1064.35,1061.55,1063.6,,,,,,,,
374,27-02-2024,14:04,1063.65,1063.75,1062.3,1062.85,,,,,,,,
375,27-02-2024,14:09,1062.85,1064.8,1062.5,1064.5,,,,,,,,
376,27-02-2024,14:14,1064.4,1066.1,1063.95,1065.7,,,,,,,,
377,27-02-2024,14:19,1065.75,1065.85,1063.2,1064.0,,,,,,,,
378,27-02-2024,14:24,1064.0,1064.95,1063.4,1064.75,,,,,,,,
379,27-02-2024,14:29,1064.55,1064.7,1061.0,1061.5,,,,,,,,
380,27-02-2024,14:34,1061.5,1062.45,1061.15,1061.95,,,,,,,,
381,27-02-2024,14:39,1061.95,1062.35,1060.65,1061.15,,,,,,,,
382,27-02-2024,14:44,1061.2,1062.9,1060.05,1060.05,,,,,,,,
383,27-02-2024,14:54,1058.55,1060.25,1058.4,1060.0,,,,,,,,
384,27-02-2024,14:59,1060.0,1060.25,1057.3,1059.25,,,,,,,,
385,27-02-2024,15:04,1059.3,1060.4,1058.25,1060.3,,,,,,,,
386,27-02-2024,15:09,1060.25,1060.35,1059.6,1059.85,,,,,,,,
387,27-02-2024,15:14,1059.9,1060.0,1059.0,1059.2,,,,,,,,
388,27-02-2024,15:19,1059.15,1060.9,1059.05,1060.65,,,,,,,,
389,27-02-2024,15:24,1060.6,1061.85,1059.95,1061.8,,,,,,,,
390,27-02-2024,15:29,1061.8,1061.95,1060.85,1061.5,,,,,,,,
391,28-02-2024,11:29,1051.6,1053.9,1051.55,1060.2,,,,,,,,
392,28-02-2024,11:34,1053.2,1055.45,1053.05,1054.5,,,,,,,,
393,28-02-2024,11:39,1054.55,1055.0,1053.75,1054.3,,,,,,,,
394,28-02-2024,11:44,1054.3,1054.75,1052.0,1052.05,,,,,,,,
395,28-02-2024,11:49,1051.8,1052.55,1051.0,1052.55,,,,,,,,
396,28-02-2024,11:54,1052.15,1052.65,1051.5,1052.0,,,,,,,,
397,28-02-2024,11:59,1052.0,1052.0,1051.0,1051.65,,,,,,,,
398,28-02-2024,12:04,1051.85,1052.0,1049.65,1050.15,,,,,,,,
399,28-02-2024,12:09,1050.1,1050.7,1048.15,1049.4,,,,,,,,
400,28-02-2024,12:14,1049.4,1051.3,1049.25,1050.7,,,,,,,,
401,28-02-2024,12:19,1050.65,1051.6,1050.4,1051.2,,,,,,,,
402,28-02-2024,12:24,1051.1,1051.3,1049.7,1050.55,,,,,,,,
403,28-02-2024,12:29,1050.85,1051.5,1050.25,1051.5,,,,,,,,
404,28-02-2024,12:34,1051.45,1052.85,1051.15,1052.05,,,,,,,,
405,28-02-2024,12:39,1052.45,1053.25,1051.05,1053.05,,,,,,,,
406,28-02-2024,12:44,1053.05,1053.5,1052.4,1053.2,,,,,,,,
407,28-02-2024,12:49,1052.95,1053.75,1050.7,1050.75,,,,,,,,
408,28-02-2024,12:54,1050.75,1051.6,1048.0,1048.0,,,,,,,,
409,28-02-2024,12:59,1048.05,1049.3,1047.25,1047.9,,,,,,,,
410,28-02-2024,13:04,1047.95,1048.9,1047.7,1048.9,,,,,,,,
411,28-02-2024,13:09,1048.7,1050.0,1045.65,1046.9,,,,,,,,
412,28-02-2024,13:14,1046.95,1047.35,1045.05,1045.95,,,,,,,,
413,28-02-2024,13:19,1045.7,1047.85,1045.3,1047.25,,,,,,,,
414,28-02-2024,13:24,1047.3,1049.1,1047.1,1048.15,,,,,,,,
415,28-02-2024,13:29,1048.1,1050.0,1047.0,1049.9,,,,,,,,
416,28-02-2024,13:34,1049.85,1051.0,1049.0,1049.5,,,,,,,,
417,28-02-2024,13:39,1049.45,1051.3,1049.4,1050.05,,,,,,,,
418,28-02-2024,13:44,1050.05,1050.7,1049.2,1049.2,,,,,,,,
419,28-02-2024,13:49,1049.2,1049.9,1048.55,1049.8,,,,,,,,
420,28-02-2024,13:54,1049.85,1050.7,1049.6,1049.9,,,,,,,,
421,28-02-2024,13:59,1050.25,1050.45,1049.05,1049.8,,,,,,,,
422,28-02-2024,14:04,1049.75,1050.0,1049.2,1049.95,,,,,,,,
423,28-02-2024,14:09,1049.95,1050.4,1049.05,1049.8,,,,,,,,
424,28-02-2024,14:14,1049.8,1050.65,1049.65,1050.05,,,,,,,,
425,28-02-2024,14:19,1050.0,1050.1,1048.4,1048.75,,,,,,,,
426,28-02-2024,14:24,1048.65,1049.1,1048.15,1049.0,,,,,,,,
427,28-02-2024,14:29,1049.0,1050.15,1048.95,1049.55,,,,,,,,
428,28-02-2024,14:34,1049.55,1049.9,1045.0,1045.55,,,,,,,,
429,28-02-2024,14:39,1045.65,1046.2,1044.4,1045.1,,,,,,,,
430,28-02-2024,14:44,1045.25,1045.5,1042.65,1044.5,,,,,,,,
431,28-02-2024,14:49,1044.15,1047.7,1044.15,1046.6,,,,,,,,
432,28-02-2024,14:54,1046.6,1047.9,1044.7,1045.8,,,,,,,,
433,28-02-2024,14:59,1045.85,1046.0,1043.8,1044.85,,,,,,,,
434,28-02-2024,15:04,1044.75,1047.05,1044.0,1046.2,,,,,,,,
435,28-02-2024,15:09,1046.15,1047.35,1044.15,1044.4,,,,,,,,
436,28-02-2024,15:14,1044.35,1044.9,1042.15,1044.7,,,,,,,,
437,28-02-2024,15:19,1044.75,1047.0,1044.4,1047.0,,,,,,,,
438,28-02-2024,15:24,1047.0,1049.5,1046.9,1047.95,,,,,,,,
439,28-02-2024,15:29,1048.5,1048.7,1044.2,1046.55,,,,,,,,
440,29-02-2024,09:34,1045.0,1048.0,1044.3,1046.2,,,,,,,,
441,29-02-2024,09:39,1047.35,1047.75,1043.55,1043.9,,,,,,,,
442,29-02-2024,09:44,1043.9,1046.85,1043.5,1046.5,,,,,,,,
443,29-02-2024,09:49,1046.75,1047.75,1046.0,1046.35,,,,,,,,
444,29-02-2024,09:54,1046.4,1052.4,1046.15,1051.95,,,,,,,,
445,29-02-2024,09:59,1052.1,1053.55,1050.8,1052.25,,,,,,,,
446,29-02-2024,10:19,1052.25,1052.5,1042.0,1042.05,,,,,,,,
447,29-02-2024,10:29,1042.15,1045.75,1041.5,1044.7,,,,,,,,
448,29-02-2024,10:34,1044.6,1044.7,1042.25,1043.95,,,,,,,,
449,29-02-2024,10:39,1043.95,1045.95,1041.75,1041.75,,,,,,,,
450,29-02-2024,10:44,1041.6,1046.3,1041.5,1045.75,,,,,,,,
451,29-02-2024,10:49,1045.7,1046.9,1044.2,1046.8,,,,,,,,
452,29-02-2024,10:54,1046.9,1047.2,1045.15,1047.1,,,,,,,,
453,29-02-2024,10:59,1047.1,1049.5,1047.05,1047.3,,,,,,,,
454,29-02-2024,11:04,1047.1,1049.5,1047.0,1047.35,,,,,,,,
455,29-02-2024,11:09,1047.45,1048.15,1044.75,1048.15,,,,,,,,
456,29-02-2024,11:14,1048.1,1050.0,1046.75,1049.9,,,,,,,,
457,29-02-2024,11:19,1049.95,1050.9,1047.9,1048.05,,,,,,,,
458,29-02-2024,11:24,1048.05,1049.5,1047.9,1048.9,,,,,,,,
459,29-02-2024,11:29,1048.9,1049.85,1046.35,1047.45,,,,,,,,
460,29-02-2024,11:34,1047.5,1049.75,1047.5,1049.05,,,,,,,,
461,29-02-2024,11:39,1049.05,1049.5,1048.45,1049.05,,,,,,,,
462,29-02-2024,11:44,1049.0,1050.1,1048.6,1049.3,,,,,,,,
463,29-02-2024,11:49,1049.0,1049.7,1048.45,1048.8,,,,,,,,
464,29-02-2024,11:54,1048.8,1050.25,1048.6,1050.25,,,,,,,,
465,29-02-2024,11:59,1050.15,1051.5,1049.9,1050.35,,,,,,,,
466,29-02-2024,12:04,1050.35,1050.4,1049.3,1050.3,,,,,,,,
467,29-02-2024,12:09,1050.45,1050.65,1049.0,1049.55,,,,,,,,
468,29-02-2024,12:14,1049.4,1050.05,1049.05,1049.95,,,,,,,,
469,29-02-2024,12:19,1049.95,1050.05,1048.7,1049.6,,,,,,,,
470,29-02-2024,12:24,1049.6,1051.4,1049.45,1050.0,,,,,,,,
471,29-02-2024,12:29,1050.2,1050.8,1049.25,1049.4,,,,,,,,
472,29-02-2024,12:34,1049.35,1052.65,1049.1,1052.05,,,,,,,,
473,29-02-2024,12:39,1051.9,1052.85,1051.0,1051.3,,,,,,,,
474,29-02-2024,12:44,1051.2,1055.7,1050.9,1054.75,,,,,,,,
475,29-02-2024,12:54,1053.25,1055.0,1053.0,1054.35,,,,,,,,
476,29-02-2024,12:59,1054.4,1055.2,1053.2,1053.45,,,,,,,,
477,29-02-2024,13:04,1053.45,1055.35,1053.25,1055.05,,,,,,,,
478,29-02-2024,13:09,1055.3,1056.5,1055.0,1056.25,,,,,,,,
479,29-02-2024,13:14,1056.25,1057.45,1055.3,1056.65,,,,,,,,
480,29-02-2024,13:19,1056.4,1058.3,1056.4,1056.6,,,,,,,,
481,29-02-2024,13:24,1056.6,1057.1,1055.7,1057.1,,,,,,,,
482,29-02-2024,13:29,1057.05,1057.8,1056.8,1057.3,,,,,,,,
483,29-02-2024,13:34,1057.35,1058.3,1056.15,1056.4,,,,,,,,
484,29-02-2024,13:39,1056.4,1057.1,1055.0,1055.3,,,,,,,,
485,29-02-2024,13:44,1055.2,1056.55,1054.6,1054.75,,,,,,,,
486,29-02-2024,13:49,1054.75,1059.85,1054.65,1059.1,,,,,,,,
487,29-02-2024,13:54,1059.3,1059.9,1057.5,1058.55,,,,,,,,
488,29-02-2024,13:59,1058.45,1059.15,1057.45,1058.95,,,,,,,,
489,29-02-2024,14:04,1058.8,1059.25,1056.9,1057.05,,,,,,,,
490,29-02-2024,14:09,1057.25,1058.4,1056.7,1057.4,,,,,,,,
491,29-02-2024,14:14,1057.25,1058.95,1056.95,1058.75,,,,,,,,
492,29-02-2024,14:19,1058.6,1059.4,1057.4,1057.75,,,,,,,,
493,29-02-2024,14:24,1057.8,1058.6,1056.35,1057.7,,,,,,,,
494,29-02-2024,14:29,1057.7,1059.15,1057.5,1057.75,,,,,,,,
495,29-02-2024,14:34,1057.5,1058.0,1054.05,1055.1,,,,,,,,
496,29-02-2024,14:39,1055.35,1056.9,1054.35,1056.2,,,,,,,,
497,29-02-2024,14:44,1056.35,1060.0,1056.0,1059.7,,,,,,,,
498,29-02-2024,14:49,1059.7,1060.65,1056.0,1056.05,,,,,,,,
499,29-02-2024,14:54,1056.05,1058.4,1055.15,1055.3,,,,,,,,
500,29-02-2024,14:59,1055.2,1055.4,1049.4,1051.35,,,,,,,,
501,29-02-2024,15:04,1051.3,1052.3,1048.3,1049.25,,,,,,,,
502,29-02-2024,15:09,1049.25,1051.65,1048.6,1050.7,,,,,,,,
503,29-02-2024,15:14,1050.9,1053.1,1050.6,1052.6,,,,,,,,
504,29-02-2024,15:19,1052.75,1055.2,1051.3,1053.35,,,,,,,,
505,29-02-2024,15:24,1053.5,1056.75,1053.35,1056.55,,,,,,,,
506,01-03-2024,10:19,1071.35,1072.35,1070.6,1052.2,,,,,,,,
507,01-03-2024,10:24,1072.1,1074.25,1071.8,1073.85,,,,,,,,
508,01-03-2024,10:29,1073.55,1074.3,1073.35,1073.9,,,,,,,,
509,01-03-2024,10:34,1073.7,1074.0,1072.9,1073.4,,,,,,,,
510,01-03-2024,10:39,1073.4,1073.75,1072.15,1073.2,,,,,,,,
511,01-03-2024,10:44,1073.2,1074.7,1073.15,1073.7,,,,,,,,
512,01-03-2024,10:49,1073.65,1073.7,1071.4,1071.7,,,,,,,,
513,01-03-2024,10:54,1071.7,1073.45,1071.65,1073.0,,,,,,,,
514,01-03-2024,10:59,1073.0,1073.5,1072.3,1072.3,,,,,,,,
515,01-03-2024,11:04,1072.35,1073.7,1072.15,1073.35,,,,,,,,
516,01-03-2024,11:09,1073.45,1074.15,1073.1,1074.05,,,,,,,,
517,01-03-2024,11:44,1074.15,1081.35,1074.0,1080.95,,,,,,,,
518,01-03-2024,11:49,1081.0,1082.0,1080.65,1082.0,,,,,,,,
519,01-03-2024,11:54,1082.0,1083.4,1081.35,1082.5,,,,,,,,
520,01-03-2024,11:59,1082.25,1083.05,1081.6,1082.9,,,,,,,,
521,01-03-2024,12:04,1082.9,1083.25,1081.75,1082.25,,,,,,,,
522,01-03-2024,12:09,1082.35,1083.0,1081.95,1082.75,,,,,,,,
523,01-03-2024,12:14,1082.8,1083.15,1082.3,1082.75,,,,,,,,
524,01-03-2024,12:19,1082.7,1083.0,1081.6,1082.35,,,,,,,,
525,01-03-2024,12:24,1082.35,1083.35,1081.7,1083.25,,,,,,,,
526,01-03-2024,12:29,1083.3,1083.8,1082.65,1082.85,,,,,,,,
527,01-03-2024,12:34,1082.85,1083.9,1082.85,1083.3,,,,,,,,
528,01-03-2024,12:39,1083.15,1084.75,1082.75,1084.4,,,,,,,,
529,01-03-2024,12:44,1084.4,1086.45,1083.8,1084.8,,,,,,,,
530,01-03-2024,12:49,1084.6,1085.05,1083.35,1084.2,,,,,,,,
531,01-03-2024,12:54,1084.2,1085.35,1084.2,1085.0,,,,,,,,
532,01-03-2024,12:59,1085.0,1085.7,1084.45,1085.1,,,,,,,,
533,01-03-2024,13:04,1085.3,1086.75,1084.8,1086.5,,,,,,,,
534,01-03-2024,13:09,1086.5,1086.8,1085.2,1086.2,,,,,,,,
535,01-03-2024,13:14,1086.15,1086.35,1083.05,1083.8,,,,,,,,
536,01-03-2024,13:19,1084.0,1085.0,1083.0,1084.55,,,,,,,,
537,01-03-2024,13:24,1084.5,1085.4,1084.5,1084.85,,,,,,,,
538,01-03-2024,13:29,1084.8,1085.75,1084.5,1085.6,,,,,,,,
539,01-03-2024,13:34,1085.55,1085.9,1084.6,1084.95,,,,,,,,
540,01-03-2024,13:39,1084.95,1085.9,1084.05,1084.3,,,,,,,,
541,01-03-2024,13:44,1084.2,1084.9,1083.5,1084.15,,,,,,,,
542,01-03-2024,13:49,1084.1,1084.4,1082.35,1083.5,,,,,,,,
543,01-03-2024,14:54,1083.7,1087.9,1082.85,1085.75,,,,,,,,
544,01-03-2024,15:04,1085.75,1086.85,1083.9,1086.1,,,,,,,,
545,04-03-2024,12:39,1090.5,1091.0,1090.2,1084.65,,,,,,,,
546,04-03-2024,12:44,1090.3,1090.9,1089.45,1090.6,,,,,,,,
547,04-03-2024,12:49,1090.6,1090.75,1089.25,1090.0,,,,,,,,
548,04-03-2024,12:54,1089.95,1090.1,1088.1,1088.9,,,,,,,,
549,04-03-2024,12:59,1088.9,1091.0,1088.25,1091.0,,,,,,,,
550,04-03-2024,13:04,1090.95,1090.95,1089.65,1090.3,,,,,,,,
551,04-03-2024,13:09,1090.5,1091.0,1089.7,1089.8,,,,,,,,
552,04-03-2024,13:14,1089.85,1090.35,1088.7,1088.75,,,,,,,,
553,04-03-2024,13:19,1088.75,1090.9,1088.7,1090.45,,,,,,,,
554,04-03-2024,13:24,1090.15,1090.6,1089.5,1089.9,,,,,,,,
555,04-03-2024,13:29,1089.9,1090.55,1088.75,1089.3,,,,,,,,
556,04-03-2024,13:34,1089.25,1090.6,1088.95,1090.0,,,,,,,,
557,04-03-2024,13:39,1090.0,1090.75,1089.9,1090.35,,,,,,,,
558,04-03-2024,13:44,1090.35,1090.55,1089.25,1089.75,,,,,,,,
559,04-03-2024,13:49,1090.0,1090.0,1088.8,1089.45,,,,,,,,
560,04-03-2024,13:54,1089.85,1090.0,1089.05,1089.2,,,,,,,,
561,04-03-2024,13:59,1089.2,1090.1,1088.55,1090.05,,,,,,,,
562,04-03-2024,14:04,1090.0,1090.35,1089.2,1090.05,,,,,,,,
563,04-03-2024,14:09,1090.0,1091.45,1089.85,1090.8,,,,,,,,
564,04-03-2024,14:14,1090.6,1093.0,1090.5,1093.0,,,,,,,,
565,04-03-2024,14:19,1092.9,1093.4,1091.1,1091.95,,,,,,,,
566,04-03-2024,14:24,1091.5,1092.65,1091.5,1092.2,,,,,,,,
567,04-03-2024,14:29,1092.2,1092.65,1090.9,1091.55,,,,,,,,
568,04-03-2024,14:34,1091.15,1092.7,1091.0,1091.4,,,,,,,,
569,04-03-2024,14:39,1091.0,1091.95,1088.75,1090.8,,,,,,,,
570,04-03-2024,14:44,1090.6,1091.3,1089.65,1090.05,,,,,,,,
571,04-03-2024,14:49,1090.5,1091.1,1089.75,1090.75,,,,,,,,
572,05-03-2024,09:19,1086.2,1088.85,1082.15,1092.35,,,,,,,,
573,05-03-2024,09:24,1082.9,1083.7,1080.25,1080.25,,,,,,,,
574,05-03-2024,09:29,1080.25,1080.5,1076.8,1078.0,,,,,,,,
575,05-03-2024,09:34,1078.0,1080.95,1077.75,1079.85,,,,,,,,
576,05-03-2024,09:39,1079.7,1082.7,1078.6,1082.7,,,,,,,,
577,05-03-2024,09:44,1082.6,1084.4,1082.35,1083.45,,,,,,,,
578,05-03-2024,09:49,1083.8,1084.6,1082.9,1084.0,,,,,,,,
579,05-03-2024,09:54,1084.0,1085.8,1084.0,1085.35,,,,,,,,
580,05-03-2024,09:59,1085.35,1085.35,1083.55,1084.05,,,,,,,,
581,05-03-2024,10:04,1084.05,1084.85,1083.2,1084.85,,,,,,,,
582,05-03-2024,10:09,1084.85,1085.1,1083.45,1083.8,,,,,,,,
583,05-03-2024,10:14,1083.95,1084.05,1083.05,1083.7,,,,,,,,
584,05-03-2024,10:19,1083.7,1084.55,1083.25,1084.55,,,,,,,,
585,05-03-2024,10:24,1084.45,1084.6,1082.7,1084.1,,,,,,,,
586,05-03-2024,10:29,1084.05,1085.65,1083.6,1085.5,,,,,,,,
587,05-03-2024,10:34,1085.5,1085.8,1084.2,1084.2,,,,,,,,
588,05-03-2024,10:39,1084.3,1085.8,1084.3,1085.15,,,,,,,,
589,05-03-2024,10:49,1085.1,1085.75,1084.95,1085.0,,,,,,,,
590,05-03-2024,10:54,1085.05,1085.3,1084.6,1085.0,,,,,,,,
591,05-03-2024,10:59,1085.1,1085.85,1084.55,1085.65,,,,,,,,
592,05-03-2024,11:04,1085.65,1085.75,1084.35,1084.65,,,,,,,,
593,05-03-2024,11:09,1084.65,1084.9,1082.3,1083.25,,,,,,,,
594,05-03-2024,11:14,1083.25,1084.9,1083.15,1083.9,,,,,,,,
595,05-03-2024,11:19,1083.85,1084.75,1083.4,1084.3,,,,,,,,
596,05-03-2024,11:24,1084.3,1085.0,1083.1,1083.3,,,,,,,,
597,05-03-2024,11:34,1083.35,1085.05,1083.25,1084.55,,,,,,,,
598,05-03-2024,11:39,1084.45,1085.0,1083.8,1084.85,,,,,,,,
599,05-03-2024,11:44,1084.85,1086.8,1084.75,1086.35,,,,,,,,
600,05-03-2024,11:49,1086.35,1086.95,1085.7,1086.6,,,,,,,,
601,05-03-2024,11:54,1086.6,1087.55,1086.05,1087.45,,,,,,,,
602,05-03-2024,11:59,1087.55,1089.5,1087.0,1089.45,,,,,,,,
603,05-03-2024,12:04,1089.45,1089.85,1088.05,1088.1,,,,,,,,
604,05-03-2024,12:24,1087.15,1089.75,1086.6,1089.4,,,,,,,,
605,05-03-2024,12:29,1089.45,1090.0,1089.1,1089.75,,,,,,,,
606,05-03-2024,12:34,1089.85,1092.35,1089.8,1092.0,,,,,,,,
607,05-03-2024,12:39,1091.95,1092.95,1091.4,1092.35,,,,,,,,
608,05-03-2024,12:44,1092.5,1093.6,1092.15,1093.6,,,,,,,,
609,05-03-2024,12:49,1093.8,1094.75,1093.05,1094.4,,,,,,,,
610,05-03-2024,12:54,1094.4,1098.75,1094.4,1098.3,,,,,,,,
611,05-03-2024,12:59,1098.45,1099.0,1097.4,1098.9,,,,,,,,
612,05-03-2024,13:04,1098.55,1099.4,1097.3,1097.65,,,,,,,,
613,05-03-2024,13:09,1097.5,1098.45,1095.7,1096.55,,,,,,,,
614,05-03-2024,13:14,1096.6,1098.2,1095.3,1097.9,,,,,,,,
615,05-03-2024,13:19,1097.8,1098.85,1095.75,1096.55,,,,,,,,
616,05-03-2024,13:24,1096.65,1097.85,1096.2,1097.65,,,,,,,,
617,05-03-2024,13:29,1097.75,1098.6,1096.8,1097.35,,,,,,,,
618,05-03-2024,13:34,1097.1,1098.4,1096.5,1098.4,,,,,,,,
619,05-03-2024,13:39,1098.4,1098.85,1097.05,1097.6,,,,,,,,
620,05-03-2024,13:44,1097.6,1098.25,1097.0,1097.4,,,,,,,,
621,05-03-2024,13:49,1097.4,1098.0,1095.5,1096.0,,,,,,,,
622,05-03-2024,13:54,1095.65,1096.4,1093.65,1095.0,,,,,,,,
623,05-03-2024,14:04,1094.95,1095.0,1091.85,1092.1,,,,,,,,
624,05-03-2024,14:09,1092.05,1092.5,1090.7,1091.65,,,,,,,,
625,05-03-2024,14:14,1091.6,1093.55,1091.3,1092.65,,,,,,,,
626,05-03-2024,14:19,1092.65,1093.55,1091.7,1093.15,,,,,,,,
627,05-03-2024,14:24,1092.95,1094.8,1092.65,1094.05,,,,,,,,
628,05-03-2024,14:29,1094.05,1095.0,1092.65,1092.65,,,,,,,,
629,05-03-2024,14:34,1092.5,1093.7,1092.0,1092.6,,,,,,,,
630,05-03-2024,14:39,1092.9,1093.3,1091.7,1092.6,,,,,,,,
631,05-03-2024,14:44,1092.5,1094.4,1092.25,1092.95,,,,,,,,
632,05-03-2024,14:49,1092.85,1093.9,1092.3,1092.6,,,,,,,,
633,05-03-2024,14:54,1092.7,1094.25,1091.4,1091.8,,,,,,,,
634,05-03-2024,14:59,1091.8,1092.15,1089.15,1090.1,,,,,,,,
635,05-03-2024,15:04,1089.85,1090.75,1087.85,1088.55,,,,,,,,
636,05-03-2024,15:14,1087.1,1087.3,1087.1,1087.25,,,,,,,,
637,05-03-2024,15:19,1087.35,1088.7,1087.3,1088.0,,,,,,,,
638,05-03-2024,15:24,1088.05,1089.7,1088.05,1089.15,,,,,,,,
639,05-03-2024,15:29,1089.05,1089.15,1087.35,1087.95,,,,,,,,
640,06-03-2024,09:19,1080.3,1086.4,1080.3,1088.05,,,,,,,,
641,06-03-2024,09:24,1084.45,1089.95,1084.3,1088.75,,,,,,,,
642,06-03-2024,09:29,1088.55,1092.3,1088.25,1090.6,,,,,,,,
643,06-03-2024,09:34,1090.4,1096.75,1090.3,1096.75,,,,,,,,
644,06-03-2024,09:39,1096.55,1096.6,1092.5,1093.75,,,,,,,,
645,06-03-2024,09:44,1093.3,1102.4,1092.95,1102.4,,,,,,,,
646,06-03-2024,09:49,1102.55,1103.25,1098.9,1099.35,,,,,,,,
647,06-03-2024,09:54,1099.2,1104.5,1098.9,1103.85,,,,,,,,
648,06-03-2024,09:59,1103.4,1104.75,1101.25,1102.8,,,,,,,,
649,06-03-2024,10:04,1102.75,1106.85,1102.5,1104.75,,,,,,,,
650,06-03-2024,10:09,1105.0,1111.75,1104.8,1108.9,,,,,,,,
651,06-03-2024,10:14,1108.85,1112.7,1108.1,1110.85,,,,,,,,
652,06-03-2024,10:19,1110.6,1113.35,1109.05,1109.9,,,,,,,,
653,06-03-2024,10:24,1109.9,1110.1,1104.4,1105.55,,,,,,,,
654,06-03-2024,10:29,1105.6,1106.0,1102.05,1102.65,,,,,,,,
655,06-03-2024,10:34,1102.85,1103.75,1100.55,1102.05,,,,,,,,
656,06-03-2024,10:39,1101.65,1103.5,1101.0,1102.3,,,,,,,,
657,06-03-2024,10:44,1101.9,1103.6,1100.35,1102.75,,,,,,,,
658,06-03-2024,10:49,1102.35,1103.75,1100.55,1103.35,,,,,,,,
659,06-03-2024,10:54,1103.1,1103.8,1101.7,1102.3,,,,,,,,
660,06-03-2024,10:59,1102.3,1103.1,1101.65,1103.0,,,,,,,,
661,06-03-2024,11:04,1103.5,1106.95,1103.2,1106.4,,,,,,,,
662,06-03-2024,11:09,1106.4,1106.45,1103.3,1103.75,,,,,,,,
663,06-03-2024,11:14,1103.75,1104.75,1102.45,1102.7,,,,,,,,
664,06-03-2024,11:19,1102.65,1104.1,1102.05,1103.65,,,,,,,,
665,06-03-2024,11:24,1103.4,1106.35,1103.05,1105.45,,,,,,,,
666,06-03-2024,11:29,1105.4,1105.7,1103.8,1105.7,,,,,,,,
667,06-03-2024,11:34,1105.3,1106.0,1104.0,1105.85,,,,,,,,
668,06-03-2024,11:39,1105.85,1107.4,1104.9,1106.5,,,,,,,,
669,06-03-2024,11:44,1106.6,1107.75,1105.4,1106.95,,,,,,,,
670,06-03-2024,11:49,1107.05,1107.15,1105.25,1106.2,,,,,,,,
671,06-03-2024,11:54,1106.25,1107.35,1105.8,1106.0,,,,,,,,
672,06-03-2024,11:59,1105.8,1106.6,1105.2,1105.35,,,,,,,,
673,06-03-2024,12:04,1105.3,1105.75,1104.0,1104.3,,,,,,,,
674,06-03-2024,12:09,1104.3,1105.15,1103.95,1105.0,,,,,,,,
675,06-03-2024,12:24,1105.1,1106.85,1105.1,1106.6,,,,,,,,
676,06-03-2024,12:29,1106.55,1108.8,1106.5,1108.35,,,,,,,,
677,06-03-2024,12:34,1108.35,1109.0,1106.9,1106.95,,,,,,,,
678,06-03-2024,12:39,1106.9,1106.95,1105.3,1106.85,,,,,,,,
679,06-03-2024,12:44,1106.8,1108.1,1105.45,1105.55,,,,,,,,
680,06-03-2024,12:49,1105.5,1106.0,1104.2,1104.45,,,,,,,,
681,06-03-2024,12:54,1104.45,1104.8,1104.0,1104.55,,,,,,,,
682,06-03-2024,12:59,1104.35,1105.05,1104.0,1104.0,,,,,,,,
683,06-03-2024,13:04,1104.0,1105.1,1103.45,1104.1,,,,,,,,
684,06-03-2024,13:09,1104.2,1104.55,1104.0,1104.05,,,,,,,,
685,06-03-2024,13:14,1104.05,1105.4,1103.95,1105.05,,,,,,,,
686,06-03-2024,13:19,1105.05,1105.15,1104.0,1104.05,,,,,,,,
687,06-03-2024,13:24,1104.05,1104.8,1103.95,1104.0,,,,,,,,
688,06-03-2024,13:29,1104.1,1105.6,1104.0,1104.8,,,,,,,,
689,06-03-2024,13:34,1104.25,1104.85,1103.4,1104.05,,,,,,,,
690,06-03-2024,13:39,1104.45,1106.1,1103.8,1105.4,,,,,,,,
691,06-03-2024,13:44,1105.5,1106.1,1104.25,1104.85,,,,,,,,
692,06-03-2024,13:49,1105.25,1106.0,1104.4,1104.95,,,,,,,,
693,06-03-2024,13:54,1104.95,1107.3,1104.7,1105.15,,,,,,,,
694,06-03-2024,13:59,1105.2,1105.4,1103.1,1103.1,,,,,,,,
695,06-03-2024,14:09,1103.15,1104.8,1102.3,1104.55,,,,,,,,
696,06-03-2024,14:19,1104.3,1105.0,1102.6,1103.55,,,,,,,,
697,06-03-2024,14:29,1103.7,1103.75,1101.05,1102.15,,,,,,,,
698,06-03-2024,14:29,1102.1,1102.2,1102.0,1102.2,,,,,,,,
699,06-03-2024,14:44,1102.1,1104.1,1102.0,1104.1,,,,,,,,
700,06-03-2024,14:45,1104.0,1104.2,1104.0,1104.1,,,,,,,,
701,06-03-2024,14:49,1104.2,1104.65,1099.15,1099.7,,,,,,,,
702,06-03-2024,14:54,1099.85,1100.0,1098.0,1098.6,,,,,,,,
703,06-03-2024,15:04,1098.7,1099.35,1096.6,1098.3,,,,,,,,
704,06-03-2024,15:19,1098.25,1099.9,1094.35,1094.85,,,,,,,,
705,06-03-2024,15:19,1094.9,1094.95,1094.7,1094.7,,,,,,,,
706,07-03-2024,09:24,1090.85,1092.75,1088.6,1097.1,,,,,,,,
707,07-03-2024,09:29,1092.25,1092.9,1088.0,1088.25,,,,,,,,
708,07-03-2024,09:29,1088.2,1088.55,1088.05,1088.55,,,,,,,,
709,07-03-2024,09:34,1088.4,1089.85,1087.3,1089.6,,,,,,,,
710,07-03-2024,09:44,1089.6,1091.45,1089.0,1090.3,,,,,,,,
711,07-03-2024,09:49,1090.45,1090.45,1087.5,1087.8,,,,,,,,
712,07-03-2024,09:54,1087.55,1088.3,1086.8,1087.4,,,,,,,,
713,07-03-2024,09:59,1087.3,1087.85,1086.7,1087.1,,,,,,,,
714,07-03-2024,10:04,1087.1,1089.0,1086.85,1089.0,,,,,,,,
715,07-03-2024,10:09,1088.8,1089.75,1088.25,1089.0,,,,,,,,
716,07-03-2024,10:19,1088.9,1090.9,1088.85,1090.6,,,,,,,,
717,07-03-2024,10:24,1090.95,1092.85,1090.75,1092.3,,,,,,,,
718,07-03-2024,10:29,1092.75,1094.4,1091.75,1093.9,,,,,,,,
719,07-03-2024,10:34,1093.9,1095.0,1092.95,1093.4,,,,,,,,
720,07-03-2024,10:39,1093.4,1093.5,1092.05,1092.9,,,,,,,,
721,07-03-2024,10:44,1092.9,1092.9,1089.65,1089.65,,,,,,,,
722,07-03-2024,10:49,1089.95,1090.0,1087.1,1087.5,,,,,,,,
723,07-03-2024,10:54,1087.55,1087.95,1086.95,1087.35,,,,,,,,
724,07-03-2024,10:59,1087.3,1087.3,1085.2,1086.25,,,,,,,,
725,07-03-2024,11:04,1086.15,1090.7,1085.3,1090.1,,,,,,,,
726,07-03-2024,11:09,1089.8,1090.1,1088.6,1089.3,,,,,,,,
727,07-03-2024,11:14,1089.3,1089.7,1088.8,1089.5,,,,,,,,
728,07-03-2024,11:19,1089.5,1089.75,1089.05,1089.75,,,,,,,,
729,07-03-2024,11:24,1089.7,1090.7,1089.55,1089.9,,,,,,,,
730,07-03-2024,11:34,1089.9,1091.2,1089.6,1091.2,,,,,,,,
731,07-03-2024,11:39,1091.35,1092.2,1091.05,1092.0,,,,,,,,
732,07-03-2024,11:44,1091.9,1091.9,1089.4,1090.5,,,,,,,,
733,07-03-2024,11:49,1090.5,1091.0,1089.9,1090.15,,,,,,,,
734,07-03-2024,11:54,1090.1,1091.15,1089.95,1091.15,,,,,,,,
735,07-03-2024,11:59,1091.15,1091.15,1090.15,1090.9,,,,,,,,
736,07-03-2024,12:04,1090.9,1091.1,1090.1,1090.2,,,,,,,,
737,07-03-2024,12:09,1090.25,1090.45,1089.15,1089.55,,,,,,,,
738,07-03-2024,12:24,1087.75,1087.9,1087.0,1087.35,,,,,,,,
739,07-03-2024,12:29,1087.35,1087.85,1086.7,1087.75,,,,,,,,
740,07-03-2024,12:34,1087.8,1087.8,1086.6,1087.05,,,,,,,,
741,07-03-2024,12:44,1086.95,1088.1,1085.4,1085.45,,,,,,,,
742,07-03-2024,12:49,1085.6,1085.7,1084.35,1084.7,,,,,,,,
743,07-03-2024,12:54,1084.8,1085.2,1083.75,1084.1,,,,,,,,
744,07-03-2024,12:59,1084.2,1084.25,1083.3,1083.7,,,,,,,,
745,07-03-2024,13:04,1083.2,1085.0,1082.7,1084.8,,,,,,,,
746,07-03-2024,13:09,1085.05,1087.0,1084.5,1085.85,,,,,,,,
747,07-03-2024,13:14,1085.5,1086.3,1084.6,1086.0,,,,,,,,
748,07-03-2024,13:24,1086.0,1086.35,1084.75,1085.3,,,,,,,,
749,07-03-2024,13:29,1085.3,1085.4,1084.35,1085.05,,,,,,,,
750,07-03-2024,13:34,1085.05,1085.85,1084.5,1084.95,,,,,,,,
751,07-03-2024,13:39,1084.8,1085.75,1084.4,1085.25,,,,,,,,
752,07-03-2024,13:44,1084.8,1085.45,1084.35,1085.35,,,,,,,,
753,07-03-2024,13:49,1085.35,1086.75,1085.1,1086.65,,,,,,,,
754,07-03-2024,13:54,1086.25,1087.75,1086.25,1087.65,,,,,,,,
755,07-03-2024,14:04,1087.7,1088.5,1086.5,1087.85,,,,,,,,
756,07-03-2024,14:09,1088.2,1088.6,1087.2,1087.4,,,,,,,,
757,07-03-2024,14:14,1087.6,1087.85,1086.65,1086.95,,,,,,,,
758,07-03-2024,14:19,1087.0,1087.85,1086.6,1086.9,,,,,,,,
759,07-03-2024,14:24,1087.0,1087.5,1086.3,1087.35,,,,,,,,
760,07-03-2024,14:29,1087.4,1088.6,1087.1,1088.45,,,,,,,,
761,07-03-2024,14:44,1088.5,1088.6,1087.85,1087.95,,,,,,,,
762,07-03-2024,14:49,1088.0,1088.4,1087.5,1087.7,,,,,,,,
763,07-03-2024,14:59,1087.85,1088.25,1086.45,1087.25,,,,,,,,
764,07-03-2024,15:04,1087.25,1089.25,1086.0,1088.95,,,,,,,,
765,07-03-2024,15:09,1088.9,1089.75,1087.9,1088.65,,,,,,,,
766,07-03-2024,15:14,1088.65,1089.55,1087.1,1089.1,,,,,,,,
767,07-03-2024,15:19,1089.2,1089.2,1087.1,1087.35,,,,,,,,
768,07-03-2024,15:24,1087.45,1088.3,1085.55,1087.15,,,,,,,,
769,11-03-2024,09:19,1084.8,1085.6,1083.2,1087.95,,,,,,,,
770,11-03-2024,09:24,1083.6,1085.05,1082.8,1084.05,,,,,,,,
771,11-03-2024,09:29,1084.05,1085.9,1084.05,1085.65,,,,,,,,
772,11-03-2024,09:34,1085.65,1087.55,1085.6,1086.8,,,,,,,,
773,11-03-2024,09:39,1086.65,1087.0,1084.15,1084.3,,,,,,,,
774,11-03-2024,09:44,1084.3,1085.0,1084.3,1085.0,,,,,,,,
775,11-03-2024,09:49,1084.95,1085.05,1084.15,1084.25,,,,,,,,
776,11-03-2024,09:54,1084.25,1084.65,1083.1,1083.85,,,,,,,,
777,11-03-2024,09:59,1083.9,1083.9,1082.4,1082.65,,,,,,,,
778,11-03-2024,10:04,1082.6,1082.85,1081.5,1081.65,,,,,,,,
779,11-03-2024,10:09,1081.65,1082.4,1081.5,1082.05,,,,,,,,
780,11-03-2024,10:14,1082.05,1083.5,1082.05,1082.3,,,,,,,,
781,11-03-2024,10:19,1082.3,1083.0,1082.05,1082.65,,,,,,,,
782,11-03-2024,10:24,1082.8,1083.5,1082.0,1082.05,,,,,,,,
783,11-03-2024,10:29,1082.05,1083.0,1080.3,1080.8,,,,,,,,
784,11-03-2024,10:34,1080.7,1082.85,1080.4,1082.05,,,,,,,,
785,11-03-2024,10:39,1082.0,1082.9,1081.45,1081.6,,,,,,,,
786,11-03-2024,10:44,1081.75,1082.0,1080.9,1081.9,,,,,,,,
787,11-03-2024,10:49,1081.6,1082.95,1081.2,1081.3,,,,,,,,
788,11-03-2024,10:54,1081.2,1083.0,1081.05,1082.0,,,,,,,,
789,11-03-2024,10:59,1081.95,1083.0,1081.35,1082.65,,,,,,,,
790,11-03-2024,11:04,1082.4,1083.0,1082.25,1082.8,,,,,,,,
791,11-03-2024,11:09,1082.8,1084.75,1082.7,1083.75,,,,,,,,
792,11-03-2024,11:14,1083.75,1085.05,1083.55,1085.0,,,,,,,,
793,11-03-2024,11:19,1084.8,1084.8,1083.15,1083.4,,,,,,,,
794,11-03-2024,11:24,1083.5,1083.65,1081.65,1081.65,,,,,,,,
795,11-03-2024,11:29,1081.75,1082.0,1080.2,1081.75,,,,,,,,
796,11-03-2024,11:34,1081.55,1082.05,1080.7,1081.85,,,,,,,,
797,11-03-2024,11:39,1081.85,1082.2,1081.45,1082.0,,,,,,,,
798,11-03-2024,11:44,1082.0,1082.8,1081.5,1082.0,,,,,,,,
799,11-03-2024,11:49,1081.9,1082.45,1081.7,1081.8,,,,,,,,
800,11-03-2024,11:54,1081.75,1082.45,1078.8,1079.3,,,,,,,,
801,11-03-2024,11:59,1079.2,1080.8,1078.2,1080.4,,,,,,,,
802,11-03-2024,12:04,1080.4,1080.4,1079.45,1079.5,,,,,,,,
803,11-03-2024,12:09,1079.6,1080.0,1079.45,1079.6,,,,,,,,
804,11-03-2024,12:29,1079.35,1080.1,1078.85,1079.75,,,,,,,,
805,11-03-2024,12:34,1079.75,1080.35,1079.25,1079.9,,,,,,,,
806,11-03-2024,12:39,1079.8,1080.25,1079.25,1079.45,,,,,,,,
807,11-03-2024,12:49,1079.45,1079.9,1078.0,1078.55,,,,,,,,
808,11-03-2024,12:54,1078.55,1079.25,1078.4,1078.9,,,,,,,,
809,11-03-2024,12:59,1078.9,1079.35,1077.1,1077.35,,,,,,,,
810,11-03-2024,13:04,1077.25,1078.3,1077.1,1078.15,,,,,,,,
811,11-03-2024,13:09,1078.2,1079.1,1078.1,1079.0,,,,,,,,
812,11-03-2024,13:14,1078.95,1079.75,1078.3,1078.7,,,,,,,,
813,11-03-2024,13:19,1078.7,1078.7,1077.65,1077.9,,,,,,,,
814,11-03-2024,13:24,1078.05,1078.35,1077.6,1078.05,,,,,,,,
815,11-03-2024,13:29,1078.05,1080.1,1077.85,1079.7,,,,,,,,
816,11-03-2024,13:34,1080.05,1080.7,1079.45,1079.5,,,,,,,,
817,11-03-2024,13:39,1079.5,1079.8,1078.7,1078.75,,,,,,,,
818,11-03-2024,13:44,1078.7,1079.55,1078.6,1079.5,,,,,,,,
819,11-03-2024,13:49,1079.45,1079.55,1079.2,1079.25,,,,,,,,
820,11-03-2024,13:54,1079.25,1079.8,1078.85,1079.6,,,,,,,,
821,11-03-2024,13:59,1079.5,1079.6,1078.6,1078.75,,,,,,,,
822,11-03-2024,14:04,1078.65,1079.55,1078.6,1079.4,,,,,,,,
823,11-03-2024,14:09,1079.4,1080.0,1079.35,1079.9,,,,,,,,
824,11-03-2024,14:14,1079.9,1079.95,1077.6,1077.7,,,,,,,,
825,11-03-2024,14:19,1077.25,1078.6,1077.25,1078.3,,,,,,,,
826,11-03-2024,14:24,1078.2,1080.0,1077.65,1079.8,,,,,,,,
827,11-03-2024,14:29,1079.8,1082.2,1079.45,1082.0,,,,,,,,
828,11-03-2024,14:34,1081.85,1082.0,1080.55,1081.2,,,,,,,,
829,11-03-2024,14:39,1081.4,1082.0,1080.7,1081.7,,,,,,,,
830,11-03-2024,14:44,1081.95,1081.95,1080.55,1081.35,,,,,,,,
831,11-03-2024,14:49,1081.35,1082.0,1080.85,1082.0,,,,,,,,
832,11-03-2024,14:54,1081.55,1082.9,1081.35,1082.0,,,,,,,,
833,11-03-2024,14:59,1082.05,1082.25,1081.1,1081.6,,,,,,,,
834,11-03-2024,15:04,1081.7,1081.95,1077.3,1078.0,,,,,,,,
835,11-03-2024,15:09,1077.9,1080.35,1077.45,1080.15,,,,,,,,
836,11-03-2024,15:14,1080.0,1080.95,1077.85,1078.2,,,,,,,,
837,11-03-2024,15:19,1078.45,1078.55,1077.0,1078.3,,,,,,,,
838,11-03-2024,15:24,1078.5,1079.15,1077.1,1077.7,,,,,,,,
839,12-03-2024,09:19,1075.8,1078.5,1073.75,1078.7,,,,,,,,
840,12-03-2024,09:24,1077.65,1078.65,1077.2,1078.0,,,,,,,,
841,12-03-2024,09:29,1078.2,1080.0,1078.05,1078.7,,,,,,,,
842,12-03-2024,09:34,1078.65,1088.6,1077.3,1087.8,,,,,,,,
843,12-03-2024,09:39,1088.3,1094.7,1088.2,1093.0,,,,,,,,
844,12-03-2024,09:44,1092.75,1093.0,1089.85,1091.0,,,,,,,,
845,12-03-2024,09:49,1090.95,1091.0,1088.25,1088.65,,,,,,,,
846,12-03-2024,09:54,1088.8,1090.5,1088.0,1088.7,,,,,,,,
847,12-03-2024,09:59,1088.75,1089.0,1086.05,1088.65,,,,,,,,
848,12-03-2024,10:04,1088.55,1088.95,1085.95,1086.55,,,,,,,,
849,12-03-2024,10:09,1086.55,1087.35,1085.0,1085.4,,,,,,,,
850,12-03-2024,10:14,1085.15,1086.0,1082.9,1083.9,,,,,,,,
851,12-03-2024,10:19,1083.9,1084.0,1083.2,1084.0,,,,,,,,
852,12-03-2024,10:24,1084.0,1084.0,1082.3,1082.5,,,,,,,,
853,12-03-2024,10:29,1082.55,1084.5,1081.65,1083.95,,,,,,,,
854,12-03-2024,10:34,1083.8,1085.4,1081.45,1082.55,,,,,,,,
855,12-03-2024,10:39,1082.5,1082.95,1080.05,1080.25,,,,,,,,
856,12-03-2024,10:44,1080.2,1081.2,1068.3,1068.45,,,,,,,,
857,12-03-2024,10:49,1069.2,1069.2,1055.8,1062.85,,,,,,,,
858,12-03-2024,10:54,1062.75,1064.2,1061.15,1062.3,,,,,,,,
859,12-03-2024,10:59,1062.25,1074.4,1062.25,1069.2,,,,,,,,
860,12-03-2024,11:04,1069.05,1072.1,1068.1,1071.55,,,,,,,,
861,12-03-2024,11:09,1071.35,1073.35,1069.4,1070.35,,,,,,,,
862,12-03-2024,11:14,1070.05,1072.4,1069.85,1072.2,,,,,,,,
863,12-03-2024,11:19,1071.9,1072.25,1070.7,1071.5,,,,,,,,
864,12-03-2024,11:29,1071.5,1073.0,1069.15,1072.75,,,,,,,,
865,12-03-2024,11:39,1072.9,1074.45,1072.1,1073.9,,,,,,,,
866,12-03-2024,11:59,1071.25,1071.8,1068.1,1069.9,,,,,,,,
867,12-03-2024,12:14,1069.85,1076.15,1069.2,1075.6,,,,,,,,
868,12-03-2024,12:14,1075.6,1076.5,1075.6,1076.5,,,,,,,,
869,12-03-2024,12:19,1076.4,1077.25,1071.5,1075.1,,,,,,,,
870,12-03-2024,12:29,1075.0,1076.05,1074.65,1075.0,,,,,,,,
871,12-03-2024,12:29,1075.0,1075.0,1074.3,1074.55,,,,,,,,
872,12-03-2024,12:39,1074.4,1075.65,1073.95,1075.2,,,,,,,,
873,12-03-2024,12:44,1075.3,1076.95,1075.1,1076.7,,,,,,,,
874,12-03-2024,12:49,1077.0,1077.25,1075.9,1075.95,,,,,,,,
875,12-03-2024,12:59,1075.95,1078.85,1075.85,1078.75,,,,,,,,
876,12-03-2024,13:09,1078.7,1080.6,1078.0,1079.9,,,,,,,,
877,12-03-2024,13:14,1079.95,1082.7,1079.3,1081.9,,,,,,,,
878,12-03-2024,13:24,1081.9,1082.2,1079.2,1079.2,,,,,,,,
879,12-03-2024,13:29,1079.3,1080.15,1077.8,1079.75,,,,,,,,
880,12-03-2024,13:34,1079.75,1082.55,1079.5,1080.85,,,,,,,,
881,12-03-2024,13:39,1081.0,1081.25,1079.85,1080.75,,,,,,,,
882,12-03-2024,13:49,1080.75,1082.1,1080.3,1081.2,,,,,,,,
883,12-03-2024,13:59,1081.2,1082.95,1080.25,1081.4,,,,,,,,
884,12-03-2024,14:09,1081.35,1082.95,1080.2,1081.15,,,,,,,,
885,12-03-2024,14:14,1081.1,1081.45,1079.35,1079.4,,,,,,,,
886,12-03-2024,14:24,1079.6,1081.45,1078.3,1079.65,,,,,,,,
887,12-03-2024,14:34,1079.35,1080.7,1076.75,1077.7,,,,,,,,
888,12-03-2024,14:34,1077.95,1078.05,1077.6,1077.7,,,,,,,,
889,12-03-2024,14:44,1077.7,1079.0,1076.55,1077.1,,,,,,,,
890,12-03-2024,14:59,1076.85,1076.85,1076.05,1076.4,,,,,,,,
891,12-03-2024,15:09,1076.6,1078.3,1075.0,1076.9,,,,,,,,
892,12-03-2024,15:09,1076.95,1077.0,1076.9,1076.95,,,,,,,,
893,12-03-2024,15:19,1076.95,1078.2,1076.4,1076.85,,,,,,,,
894,12-03-2024,15:24,1076.8,1077.55,1075.6,1077.55,,,,,,,,
895,13-03-2024,09:29,1082.95,1084.1,1082.6,1076.85,,,,,,,,
896,13-03-2024,09:34,1083.9,1085.35,1083.2,1084.0,,,,,,,,
897,13-03-2024,09:39,1084.0,1084.25,1081.05,1083.35,,,,,,,,
898,13-03-2024,09:44,1083.7,1084.4,1081.0,1081.75,,,,,,,,
899,13-03-2024,09:49,1081.75,1084.8,1081.65,1083.85,,,,,,,,
900,13-03-2024,09:54,1083.6,1084.9,1083.15,1083.7,,,,,,,,
901,13-03-2024,09:59,1083.5,1084.9,1083.25,1084.6,,,,,,,,
902,13-03-2024,10:04,1084.6,1085.7,1083.4,1084.5,,,,,,,,
903,13-03-2024,10:09,1084.55,1086.25,1084.45,1085.5,,,,,,,,
904,13-03-2024,10:14,1085.35,1088.35,1084.5,1087.95,,,,,,,,
905,13-03-2024,10:19,1088.3,1089.6,1086.25,1087.9,,,,,,,,
906,13-03-2024,10:24,1087.9,1088.0,1087.0,1087.2,,,,,,,,
907,13-03-2024,10:29,1087.2,1088.0,1085.5,1087.85,,,,,,,,
908,13-03-2024,10:34,1087.8,1088.45,1085.65,1085.95,,,,,,,,
909,13-03-2024,10:39,1085.95,1087.95,1084.8,1087.35,,,,,,,,
910,13-03-2024,10:44,1087.65,1088.0,1086.15,1086.3,,,,,,,,
911,13-03-2024,10:49,1086.25,1086.7,1086.0,1086.05,,,,,,,,
912,13-03-2024,10:54,1086.05,1087.2,1086.05,1086.75,,,,,,,,
913,13-03-2024,10:59,1086.75,1088.4,1086.75,1088.0,,,,,,,,
914,13-03-2024,11:09,1087.85,1088.7,1086.5,1087.35,,,,,,,,
915,13-03-2024,11:24,1084.65,1086.45,1083.7,1086.15,,,,,,,,
916,13-03-2024,11:29,1086.25,1086.25,1082.55,1083.25,,,,,,,,
917,13-03-2024,11:34,1083.45,1083.55,1080.9,1082.6,,,,,,,,
918,13-03-2024,11:39,1082.7,1083.25,1081.8,1082.0,,,,,,,,
919,13-03-2024,11:44,1082.0,1084.55,1081.75,1084.2,,,,,,,,
920,13-03-2024,11:49,1084.1,1084.3,1082.55,1083.75,,,,,,,,
921,13-03-2024,11:54,1083.75,1083.9,1082.55,1083.0,,,,,,,,
922,13-03-2024,11:59,1082.95,1085.0,1082.85,1084.7,,,,,,,,
923,13-03-2024,12:04,1084.75,1086.7,1083.7,1086.1,,,,,,,,
924,13-03-2024,12:09,1086.15,1086.85,1085.0,1085.95,,,,,,,,
925,13-03-2024,12:14,1085.95,1087.55,1085.6,1087.1,,,,,,,,
926,13-03-2024,12:19,1086.7,1088.2,1086.7,1087.7,,,,,,,,
927,13-03-2024,12:24,1087.9,1087.9,1085.3,1086.25,,,,,,,,
928,13-03-2024,12:29,1086.25,1087.0,1085.85,1087.0,,,,,,,,
929,13-03-2024,12:34,1087.0,1087.0,1085.65,1086.0,,,,,,,,
930,13-03-2024,12:39,1085.8,1087.0,1084.95,1086.0,,,,,,,,
931,13-03-2024,12:44,1085.9,1086.05,1083.35,1083.95,,,,,,,,
932,13-03-2024,12:49,1084.0,1084.2,1083.1,1083.95,,,,,,,,
933,13-03-2024,12:54,1084.3,1085.75,1083.15,1085.75,,,,,,,,
934,13-03-2024,12:59,1085.1,1087.35,1084.5,1084.55,,,,,,,,
935,13-03-2024,13:04,1084.55,1084.75,1082.65,1082.85,,,,,,,,
936,13-03-2024,13:09,1082.75,1085.65,1081.35,1085.4,,,,,,,,
937,13-03-2024,13:14,1085.6,1086.6,1084.85,1084.85,,,,,,,,
938,13-03-2024,13:19,1084.9,1085.5,1084.0,1084.75,,,,,,,,
939,13-03-2024,13:24,1084.7,1085.1,1083.9,1084.85,,,,,,,,
940,13-03-2024,13:29,1085.0,1086.15,1084.05,1084.05,,,,,,,,
941,13-03-2024,13:34,1084.2,1084.8,1083.05,1083.7,,,,,,,,
942,13-03-2024,13:39,1083.4,1085.3,1083.4,1085.0,,,,,,,,
943,13-03-2024,13:44,1084.95,1085.9,1084.65,1084.9,,,,,,,,
944,13-03-2024,13:49,1084.85,1085.0,1084.4,1084.6,,,,,,,,
945,13-03-2024,13:54,1084.9,1085.75,1082.4,1085.65,,,,,,,,
946,13-03-2024,13:59,1085.5,1086.0,1083.4,1083.7,,,,,,,,
947,13-03-2024,14:04,1083.3,1083.85,1082.5,1083.25,,,,,,,,
948,13-03-2024,14:09,1083.05,1085.3,1083.0,1084.65,,,,,,,,
949,13-03-2024,14:14,1085.05,1085.95,1083.0,1084.1,,,,,,,,
950,13-03-2024,14:19,1083.5,1084.3,1082.4,1082.4,,,,,,,,
951,13-03-2024,14:24,1082.25,1083.55,1081.55,1083.15,,,,,,,,
952,13-03-2024,14:29,1082.9,1084.45,1082.2,1084.4,,,,,,,,
953,13-03-2024,14:34,1084.55,1085.0,1083.15,1084.15,,,,,,,,
954,13-03-2024,14:39,1083.95,1084.55,1082.35,1083.0,,,,,,,,
955,13-03-2024,14:44,1083.55,1085.5,1083.0,1084.6,,,,,,,,
956,13-03-2024,14:54,1084.55,1085.0,1081.55,1084.45,,,,,,,,
957,13-03-2024,14:59,1084.45,1084.75,1083.4,1083.85,,,,,,,,
958,13-03-2024,15:04,1083.85,1087.45,1083.3,1084.55,,,,,,,,
959,13-03-2024,15:09,1084.3,1086.8,1083.2,1085.0,,,,,,,,
960,13-03-2024,15:14,1084.8,1085.4,1079.0,1079.0,,,,,,,,
961,13-03-2024,15:19,1078.85,1085.45,1078.85,1085.35,,,,,,,,
962,13-03-2024,15:24,1085.2,1085.35,1083.8,1084.9,,,,,,,,
963,13-03-2024,15:29,1084.95,1085.0,1081.25,1082.0,,,,,,,,
964,14-03-2024,09:34,1079.65,1081.5,1078.85,1083.95,,,,,,,,
965,14-03-2024,09:39,1080.0,1081.4,1078.1,1078.65,,,,,,,,
966,14-03-2024,09:44,1078.75,1080.3,1078.75,1079.95,,,,,,,,
967,14-03-2024,09:49,1080.0,1080.4,1078.2,1078.75,,,,,,,,
968,14-03-2024,09:54,1078.95,1081.75,1078.1,1081.35,,,,,,,,
969,14-03-2024,09:59,1081.25,1083.0,1080.4,1080.85,,,,,,,,
970,14-03-2024,10:04,1081.0,1082.6,1080.55,1082.45,,,,,,,,
971,14-03-2024,10:09,1082.3,1083.65,1080.85,1081.2,,,,,,,,
972,14-03-2024,10:14,1081.05,1084.7,1079.65,1083.1,,,,,,,,
973,14-03-2024,10:19,1083.15,1086.0,1083.15,1085.1,,,,,,,,
974,14-03-2024,10:24,1085.2,1087.15,1084.3,1086.45,,,,,,,,
975,14-03-2024,10:29,1086.45,1086.45,1083.3,1083.8,,,,,,,,
976,14-03-2024,10:34,1084.05,1084.8,1082.45,1084.35,,,,,,,,
977,14-03-2024,10:39,1084.5,1086.0,1083.85,1086.0,,,,,,,,
978,14-03-2024,10:44,1086.0,1089.65,1086.0,1088.3,,,,,,,,
979,14-03-2024,10:49,1088.3,1089.9,1087.65,1088.6,,,,,,,,
980,14-03-2024,10:54,1088.6,1089.7,1088.5,1089.2,,,,,,,,
981,14-03-2024,10:59,1089.2,1089.7,1088.1,1088.65,,,,,,,,
982,14-03-2024,11:04,1088.7,1089.6,1087.5,1087.5,,,,,,,,
983,14-03-2024,11:09,1087.65,1090.85,1087.4,1090.7,,,,,,,,
984,14-03-2024,11:14,1090.6,1092.4,1089.25,1092.05,,,,,,,,
985,14-03-2024,11:19,1092.0,1092.3,1090.75,1091.6,,,,,,,,
986,14-03-2024,11:24,1091.6,1092.25,1091.0,1092.2,,,,,,,,
987,14-03-2024,11:34,1091.8,1095.3,1091.3,1095.05,,,,,,,,
988,14-03-2024,11:39,1094.95,1095.45,1092.8,1094.1,,,,,,,,
989,14-03-2024,11:44,1094.3,1097.0,1094.05,1096.5,,,,,,,,
990,14-03-2024,11:49,1096.6,1097.0,1095.55,1096.3,,,,,,,,
991,14-03-2024,11:54,1096.75,1096.9,1092.2,1093.0,,,,,,,,
992,14-03-2024,11:59,1093.0,1093.0,1092.3,1092.95,,,,,,,,
993,14-03-2024,12:04,1093.0,1093.0,1092.15,1092.8,,,,,,,,
994,14-03-2024,12:09,1092.7,1093.0,1092.35,1092.85,,,,,,,,
995,14-03-2024,12:14,1093.0,1093.0,1091.55,1091.7,,,,,,,,
996,14-03-2024,12:19,1092.05,1093.0,1091.6,1092.65,,,,,,,,
997,14-03-2024,12:24,1092.7,1093.0,1091.0,1092.95,,,,,,,,
998,14-03-2024,12:29,1092.95,1093.0,1092.9,1092.95,,,,,,,,
999,14-03-2024,12:34,1093.0,1093.0,1092.25,1092.9,,,,,,,,
1000,14-03-2024,12:39,1092.9,1093.0,1091.05,1091.95,,,,,,,,
1001,14-03-2024,12:54,1091.95,1092.0,1090.85,1091.7,,,,,,,,
1002,14-03-2024,13:04,1092.0,1092.0,1090.8,1092.0,,,,,,,,
1003,14-03-2024,13:09,1092.0,1092.0,1091.05,1091.65,,,,,,,,
1004,14-03-2024,13:14,1091.65,1092.0,1091.15,1091.85,,,,,,,,
1005,14-03-2024,13:19,1091.85,1092.0,1089.75,1090.65,,,,,,,,
1006,14-03-2024,13:24,1090.6,1090.75,1089.15,1089.9,,,,,,,,
1007,14-03-2024,13:29,1089.95,1090.35,1089.85,1090.3,,,,,,,,
1008,14-03-2024,13:34,1090.4,1090.6,1089.0,1089.7,,,,,,,,
1009,14-03-2024,13:39,1089.7,1090.4,1088.05,1088.65,,,,,,,,
1010,14-03-2024,13:44,1088.6,1088.85,1088.0,1088.25,,,,,,,,
1011,14-03-2024,13:49,1088.2,1090.25,1087.5,1090.2,,,,,,,,
1012,14-03-2024,13:54,1090.25,1090.75,1087.1,1087.55,,,,,,,,
1013,14-03-2024,13:59,1087.35,1088.45,1086.5,1087.8,,,,,,,,
1014,14-03-2024,14:04,1087.8,1088.75,1086.6,1088.2,,,,,,,,
1015,14-03-2024,14:09,1088.1,1088.1,1086.45,1087.1,,,,,,,,
1016,14-03-2024,14:14,1087.15,1087.4,1085.7,1086.85,,,,,,,,
1017,14-03-2024,14:19,1086.7,1087.75,1085.6,1085.7,,,,,,,,
1018,14-03-2024,14:24,1085.85,1088.9,1085.15,1088.25,,,,,,,,
1019,14-03-2024,14:29,1088.2,1088.45,1085.35,1087.4,,,,,,,,
1020,14-03-2024,14:34,1087.35,1087.95,1086.3,1087.1,,,,,,,,
1021,14-03-2024,14:39,1087.05,1087.2,1085.5,1085.55,,,,,,,,
1022,14-03-2024,14:44,1085.7,1085.8,1083.75,1083.9,,,,,,,,
1023,14-03-2024,14:49,1084.25,1085.0,1082.45,1083.65,,,,,,,,
1024,14-03-2024,14:54,1083.75,1085.3,1082.65,1084.85,,,,,,,,
1025,14-03-2024,14:59,1084.55,1085.0,1083.0,1084.75,,,,,,,,
1026,14-03-2024,15:04,1084.35,1085.8,1082.6,1084.35,,,,,,,,
1027,14-03-2024,15:09,1084.4,1084.9,1082.8,1084.45,,,,,,,,
1028,14-03-2024,15:14,1084.6,1085.1,1083.3,1083.55,,,,,,,,
1029,14-03-2024,15:19,1083.5,1085.65,1083.3,1084.15,,,,,,,,
1030,14-03-2024,15:24,1084.15,1084.15,1080.5,1080.5,,,,,,,,
1031,14-03-2024,15:29,1080.1,1084.9,1079.55,1082.45,,,,,,,,
1032,15-03-2024,09:19,1072.0,1078.5,1072.0,1083.6,,,,,,,,
1033,15-03-2024,09:24,1077.8,1079.8,1077.45,1078.6,,,,,,,,
1034,15-03-2024,09:29,1078.35,1079.0,1076.6,1078.5,,,,,,,,
1035,15-03-2024,09:34,1078.45,1080.95,1077.65,1080.55,,,,,,,,
1036,15-03-2024,09:39,1080.45,1080.8,1075.55,1075.75,,,,,,,,
1037,15-03-2024,09:44,1075.6,1077.5,1073.55,1077.3,,,,,,,,
1038,15-03-2024,09:49,1077.3,1077.5,1075.35,1075.9,,,,,,,,
1039,15-03-2024,09:54,1075.5,1077.35,1073.6,1076.85,,,,,,,,
1040,15-03-2024,09:59,1076.85,1077.9,1075.55,1077.9,,,,,,,,
1041,15-03-2024,10:04,1077.85,1077.95,1075.7,1075.7,,,,,,,,
1042,15-03-2024,10:09,1076.05,1079.35,1075.55,1077.9,,,,,,,,
1043,15-03-2024,10:14,1077.9,1079.1,1077.15,1078.8,,,,,,,,
1044,15-03-2024,10:19,1078.75,1078.75,1075.05,1075.7,,,,,,,,
1045,15-03-2024,10:29,1075.7,1078.9,1075.45,1078.0,,,,,,,,
1046,15-03-2024,10:34,1078.0,1078.0,1076.3,1076.85,,,,,,,,
1047,15-03-2024,10:39,1076.8,1079.0,1075.5,1078.75,,,,,,,,
1048,15-03-2024,10:44,1078.75,1079.0,1078.1,1078.55,,,,,,,,
1049,15-03-2024,10:49,1078.9,1084.35,1078.6,1082.65,,,,,,,,
1050,15-03-2024,10:54,1082.9,1083.85,1082.05,1082.8,,,,,,,,
1051,15-03-2024,10:59,1083.0,1083.0,1080.35,1081.6,,,,,,,,
1052,15-03-2024,11:04,1081.6,1082.9,1080.4,1080.6,,,,,,,,
1053,15-03-2024,11:09,1080.7,1081.0,1079.25,1079.85,,,,,,,,
1054,15-03-2024,11:19,1081.5,1083.5,1081.5,1082.55,,,,,,,,
1055,15-03-2024,11:24,1082.55,1082.7,1080.35,1082.05,,,,,,,,
1056,15-03-2024,11:29,1082.35,1083.0,1081.6,1081.6,,,,,,,,
1057,15-03-2024,11:34,1081.85,1082.0,1080.65,1081.0,,,,,,,,
1058,15-03-2024,11:39,1081.0,1081.95,1080.9,1081.95,,,,,,,,
1059,15-03-2024,11:44,1081.75,1082.0,1080.85,1081.1,,,,,,,,
1060,15-03-2024,11:49,1081.1,1081.25,1080.55,1080.9,,,,,,,,
1061,15-03-2024,11:54,1080.85,1081.1,1080.35,1081.05,,,,,,,,
1062,15-03-2024,11:59,1081.05,1081.15,1079.6,1079.75,,,,,,,,
1063,15-03-2024,12:04,1079.75,1080.7,1079.7,1080.55,,,,,,,,
1064,15-03-2024,12:09,1080.55,1081.9,1080.5,1081.05,,,,,,,,
1065,15-03-2024,12:14,1081.0,1081.35,1080.8,1081.35,,,,,,,,
1066,15-03-2024,12:19,1081.15,1081.85,1080.4,1080.75,,,,,,,,
1067,15-03-2024,12:24,1080.75,1080.95,1079.5,1079.5,,,,,,,,
1068,15-03-2024,12:29,1079.5,1079.95,1078.4,1079.35,,,,,,,,
1069,15-03-2024,12:34,1079.2,1080.0,1078.2,1079.95,,,,,,,,
1070,15-03-2024,12:39,1079.75,1080.2,1078.95,1079.05,,,,,,,,
1071,15-03-2024,12:44,1079.05,1080.0,1078.1,1079.65,,,,,,,,
1072,15-03-2024,12:49,1079.65,1081.0,1079.55,1080.05,,,,,,,,
1073,15-03-2024,12:54,1080.0,1081.0,1080.0,1080.1,,,,,,,,
1074,15-03-2024,12:59,1080.1,1081.4,1080.0,1080.75,,,,,,,,
1075,15-03-2024,13:04,1080.6,1080.95,1079.0,1079.55,,,,,,,,
1076,15-03-2024,13:09,1079.5,1081.55,1079.5,1080.25,,,,,,,,
1077,15-03-2024,13:14,1080.2,1081.4,1079.05,1080.3,,,,,,,,
1078,15-03-2024,13:19,1080.2,1080.65,1078.85,1079.15,,,,,,,,
1079,15-03-2024,13:24,1079.0,1079.5,1078.95,1079.05,,,,,,,,
1080,15-03-2024,13:29,1079.0,1079.5,1077.7,1078.55,,,,,,,,
1081,15-03-2024,13:34,1078.55,1079.95,1078.5,1079.15,,,,,,,,
1082,15-03-2024,13:39,1079.15,1080.4,1078.2,1079.5,,,,,,,,
1083,15-03-2024,13:44,1079.55,1079.95,1078.35,1078.95,,,,,,,,
1084,15-03-2024,13:49,1078.95,1083.35,1078.9,1083.0,,,,,,,,
1085,15-03-2024,13:54,1082.85,1084.0,1081.35,1081.85,,,,,,,,
1086,15-03-2024,13:59,1081.75,1082.3,1080.05,1080.7,,,,,,,,
1087,15-03-2024,14:04,1080.65,1081.9,1080.35,1080.95,,,,,,,,
1088,15-03-2024,14:14,1081.0,1083.0,1081.0,1082.0,,,,,,,,
1089,15-03-2024,14:19,1082.0,1082.95,1081.0,1081.0,,,,,,,,
1090,15-03-2024,14:29,1081.6,1081.9,1080.05,1080.5,,,,,,,,
1091,15-03-2024,14:34,1080.5,1080.65,1074.8,1075.8,,,,,,,,
1092,15-03-2024,14:39,1075.7,1077.1,1074.9,1075.9,,,,,,,,
1093,15-03-2024,14:44,1076.05,1078.05,1075.4,1077.15,,,,,,,,
1094,15-03-2024,14:49,1077.15,1078.1,1076.4,1077.55,,,,,,,,
1095,15-03-2024,14:54,1077.5,1078.85,1076.9,1078.15,,,,,,,,
1096,15-03-2024,14:59,1078.35,1078.35,1076.5,1077.6,,,,,,,,
1097,15-03-2024,15:04,1078.65,1081.7,1070.25,1081.55,,,,,,,,
1098,15-03-2024,15:09,1081.45,1083.65,1076.25,1079.2,,,,,,,,
1099,15-03-2024,15:14,1079.0,1082.2,1076.9,1078.95,,,,,,,,
1100,15-03-2024,15:19,1078.95,1084.45,1078.95,1083.8,,,,,,,,
1101,15-03-2024,15:24,1083.8,1084.0,1081.55,1083.45,,,,,,,,
1102,15-03-2024,15:29,1083.55,1083.95,1071.2,1073.8,,,,,,,,
1103,18-03-2024,09:19,1071.45,1073.3,1071.15,1080.35,,,,,,,,
1104,18-03-2024,09:24,1072.15,1073.5,1072.0,1072.8,,,,,,,,
1105,18-03-2024,09:29,1073.0,1077.1,1073.0,1076.2,,,,,,,,
1106,18-03-2024,09:34,1076.0,1076.95,1072.65,1074.3,,,,,,,,
1107,18-03-2024,09:39,1073.7,1074.4,1071.95,1072.45,,,,,,,,
1108,18-03-2024,09:44,1072.45,1072.8,1071.15,1072.15,,,,,,,,
1109,18-03-2024,09:49,1071.85,1072.55,1070.05,1071.45,,,,,,,,
1110,18-03-2024,09:54,1071.55,1072.9,1070.75,1072.35,,,,,,,,
1111,18-03-2024,09:59,1072.6,1076.75,1072.3,1075.8,,,,,,,,
1112,18-03-2024,10:04,1075.45,1077.05,1075.0,1076.05,,,,,,,,
1113,18-03-2024,10:09,1076.35,1076.6,1073.05,1073.5,,,,,,,,
1114,18-03-2024,10:14,1073.7,1073.7,1071.25,1072.3,,,,,,,,
1115,18-03-2024,10:19,1072.3,1076.0,1072.2,1073.65,,,,,,,,
1116,18-03-2024,10:29,1073.6,1074.35,1072.0,1072.5,,,,,,,,
1117,18-03-2024,10:29,1072.15,1072.5,1072.05,1072.2,,,,,,,,
1118,18-03-2024,10:34,1072.2,1073.45,1071.4,1071.6,,,,,,,,
1119,18-03-2024,10:39,1071.85,1072.8,1071.45,1071.75,,,,,,,,
1120,18-03-2024,10:44,1071.95,1073.1,1071.2,1072.75,,,,,,,,
1121,18-03-2024,10:49,1072.8,1074.75,1072.3,1072.95,,,,,,,,
1122,18-03-2024,10:54,1073.3,1074.9,1072.95,1073.55,,,,,,,,
1123,18-03-2024,10:59,1073.35,1074.25,1072.65,1073.5,,,,,,,,
1124,18-03-2024,11:04,1073.5,1074.75,1073.15,1074.15,,,,,,,,
1125,18-03-2024,11:09,1074.2,1074.55,1072.85,1074.0,,,,,,,,
1126,18-03-2024,11:14,1074.0,1074.75,1067.0,1067.05,,,,,,,,
1127,18-03-2024,11:19,1066.5,1069.5,1060.4,1068.0,,,,,,,,
1128,18-03-2024,11:24,1068.55,1069.9,1067.3,1067.3,,,,,,,,
1129,18-03-2024,11:29,1067.35,1069.15,1065.8,1067.65,,,,,,,,
1130,18-03-2024,11:34,1068.35,1068.45,1067.05,1067.7,,,,,,,,
1131,18-03-2024,11:39,1067.75,1070.35,1067.35,1068.85,,,,,,,,
1132,18-03-2024,11:44,1069.05,1071.85,1069.05,1071.85,,,,,,,,
1133,18-03-2024,11:49,1071.35,1072.65,1069.75,1070.4,,,,,,,,
1134,18-03-2024,11:54,1070.7,1071.8,1070.35,1071.05,,,,,,,,
1135,18-03-2024,11:59,1071.05,1071.1,1068.85,1068.95,,,,,,,,
1136,18-03-2024,12:04,1068.9,1078.3,1068.55,1076.6,,,,,,,,
1137,18-03-2024,12:09,1076.3,1082.6,1074.45,1079.75,,,,,,,,
1138,18-03-2024,12:14,1079.85,1080.45,1077.2,1079.95,,,,,,,,
1139,18-03-2024,12:19,1080.0,1082.9,1079.0,1081.15,,,,,,,,
1140,18-03-2024,12:24,1081.05,1082.55,1079.4,1082.3,,,,,,,,
1141,18-03-2024,12:44,1078.45,1079.65,1078.05,1079.0,,,,,,,,
1142,18-03-2024,12:49,1078.9,1080.5,1078.75,1079.85,,,,,,,,
1143,18-03-2024,12:54,1079.7,1080.75,1078.6,1080.4,,,,,,,,
1144,18-03-2024,12:59,1080.45,1081.7,1080.3,1080.6,,,,,,,,
1145,18-03-2024,13:04,1080.1,1080.9,1079.9,1080.05,,,,,,,,
1146,18-03-2024,13:09,1080.05,1080.95,1078.5,1080.4,,,,,,,,
1147,18-03-2024,13:14,1080.4,1081.65,1080.0,1080.55,,,,,,,,
1148,18-03-2024,13:19,1080.55,1081.95,1080.15,1081.0,,,,,,,,
1149,18-03-2024,13:24,1081.0,1081.15,1080.6,1081.1,,,,,,,,
1150,18-03-2024,13:29,1081.15,1081.2,1080.2,1080.2,,,,,,,,
1151,18-03-2024,13:34,1080.0,1081.2,1079.65,1081.2,,,,,,,,
1152,18-03-2024,13:39,1081.65,1081.85,1079.3,1080.0,,,,,,,,
1153,18-03-2024,13:44,1080.3,1080.75,1079.45,1080.1,,,,,,,,
1154,18-03-2024,13:49,1080.15,1080.8,1079.45,1080.75,,,,,,,,
1155,18-03-2024,13:54,1081.2,1081.2,1080.0,1081.1,,,,,,,,
1156,18-03-2024,13:59,1081.05,1082.95,1081.0,1082.2,,,,,,,,
1157,18-03-2024,14:04,1082.25,1082.25,1081.2,1081.5,,,,,,,,
1158,18-03-2024,14:09,1081.5,1081.5,1080.25,1081.0,,,,,,,,
1159,18-03-2024,14:14,1081.0,1081.15,1080.35,1080.55,,,,,,,,
1160,18-03-2024,14:19,1080.55,1080.8,1080.0,1080.25,,,,,,,,
1161,18-03-2024,14:24,1080.1,1082.95,1079.95,1082.75,,,,,,,,
1162,18-03-2024,14:29,1082.75,1084.4,1081.95,1083.65,,,,,,,,
1163,18-03-2024,14:34,1083.65,1084.8,1082.4,1083.9,,,,,,,,
1164,18-03-2024,14:39,1083.9,1084.45,1081.8,1082.4,,,,,,,,
1165,18-03-2024,14:44,1082.55,1083.35,1081.7,1082.3,,,,,,,,
1166,18-03-2024,14:49,1082.35,1082.5,1080.85,1081.35,,,,,,,,
1167,18-03-2024,14:54,1081.35,1081.65,1080.1,1080.8,,,,,,,,
1168,18-03-2024,14:59,1080.55,1082.1,1080.2,1081.0,,,,,,,,
1169,18-03-2024,15:04,1081.0,1081.95,1080.05,1081.8,,,,,,,,
1170,18-03-2024,15:09,1081.85,1082.4,1079.15,1082.1,,,,,,,,
1171,18-03-2024,15:14,1082.0,1082.85,1080.15,1081.2,,,,,,,,
1172,18-03-2024,15:19,1081.2,1082.45,1080.1,1080.65,,,,,,,,
1173,18-03-2024,15:24,1080.6,1081.4,1080.6,1081.0,,,,,,,,
1174,18-03-2024,15:29,1081.0,1082.3,1080.95,1081.75,,,,,,,,
1175,19-03-2024,09:44,1081.75,1082.8,1081.55,1081.2,,,,,,,,
1176,19-03-2024,09:54,1081.95,1083.05,1080.0,1082.4,,,,,,,,
1177,19-03-2024,09:59,1082.4,1082.55,1080.1,1080.25,,,,,,,,
1178,19-03-2024,10:04,1080.25,1081.8,1080.05,1081.6,,,,,,,,
1179,19-03-2024,10:09,1081.6,1082.0,1080.05,1080.25,,,,,,,,
1180,19-03-2024,10:14,1080.4,1081.75,1079.6,1081.75,,,,,,,,
1181,19-03-2024,10:19,1081.65,1082.2,1081.4,1082.0,,,,,,,,
1182,19-03-2024,10:24,1082.0,1082.3,1081.25,1081.85,,,,,,,,
1183,19-03-2024,10:29,1081.8,1082.35,1081.1,1081.35,,,,,,,,
1184,19-03-2024,10:34,1081.55,1087.7,1080.55,1085.4,,,,,,,,
1185,19-03-2024,10:39,1085.15,1085.95,1083.65,1085.6,,,,,,,,
1186,19-03-2024,10:44,1085.8,1085.8,1083.4,1083.9,,,,,,,,
1187,19-03-2024,10:49,1083.95,1084.7,1083.45,1084.5,,,,,,,,
1188,19-03-2024,10:54,1084.45,1086.9,1084.3,1086.25,,,,,,,,
1189,19-03-2024,10:59,1086.45,1086.65,1084.75,1085.3,,,,,,,,
1190,19-03-2024,11:04,1085.0,1086.0,1084.5,1084.8,,,,,,,,
1191,19-03-2024,11:09,1084.8,1086.4,1084.55,1086.2,,,,,,,,
1192,19-03-2024,11:14,1086.2,1086.2,1082.45,1082.45,,,,,,,,
1193,19-03-2024,11:19,1082.4,1085.3,1082.05,1085.05,,,,,,,,
1194,19-03-2024,11:24,1085.1,1085.95,1084.55,1084.8,,,,,,,,
1195,19-03-2024,11:29,1084.65,1085.55,1084.5,1084.9,,,,,,,,
1196,19-03-2024,11:34,1084.9,1085.15,1084.55,1084.55,,,,,,,,
1197,19-03-2024,11:39,1084.55,1085.1,1084.15,1084.15,,,,,,,,
1198,19-03-2024,11:44,1084.1,1084.9,1083.45,1083.65,,,,,,,,
1199,19-03-2024,11:49,1084.15,1084.9,1083.75,1084.55,,,,,,,,
1200,19-03-2024,11:54,1084.65,1085.2,1084.5,1084.85,,,,,,,,
1201,19-03-2024,11:59,1084.75,1084.75,1081.85,1082.0,,,,,,,,
1202,19-03-2024,12:04,1082.05,1082.6,1080.5,1081.0,,,,,,,,
1203,19-03-2024,12:09,1081.1,1081.9,1080.0,1080.05,,,,,,,,
1204,19-03-2024,12:14,1080.0,1080.9,1079.85,1080.1,,,,,,,,
1205,19-03-2024,12:19,1080.5,1081.65,1080.25,1080.75,,,,,,,,
1206,19-03-2024,12:24,1080.8,1081.0,1080.0,1080.0,,,,,,,,
1207,19-03-2024,12:29,1080.05,1080.2,1079.6,1079.7,,,,,,,,
1208,19-03-2024,12:34,1079.9,1080.2,1079.65,1080.0,,,,,,,,
1209,19-03-2024,12:39,1080.0,1080.15,1079.65,1079.9,,,,,,,,
1210,19-03-2024,12:44,1079.8,1080.0,1079.65,1079.9,,,,,,,,
1211,19-03-2024,12:54,1079.9,1081.5,1079.75,1081.15,,,,,,,,
1212,19-03-2024,12:59,1081.15,1081.25,1079.6,1079.9,,,,,,,,
1213,19-03-2024,13:04,1079.95,1080.0,1079.05,1079.6,,,,,,,,
1214,19-03-2024,13:09,1079.55,1080.0,1079.25,1079.7,,,,,,,,
1215,19-03-2024,13:14,1079.75,1080.2,1079.6,1079.9,,,,,,,,
1216,19-03-2024,13:19,1080.0,1080.15,1079.75,1079.95,,,,,,,,
1217,19-03-2024,13:24,1079.95,1080.0,1079.6,1079.7,,,,,,,,
1218,19-03-2024,13:29,1079.95,1080.05,1079.3,1079.75,,,,,,,,
1219,19-03-2024,13:34,1079.75,1082.3,1079.5,1081.6,,,,,,,,
1220,19-03-2024,13:39,1081.5,1081.75,1081.05,1081.5,,,,,,,,
1221,19-03-2024,13:44,1081.5,1081.75,1080.95,1081.5,,,,,,,,
1222,19-03-2024,13:49,1081.4,1081.65,1080.45,1080.5,,,,,,,,
1223,19-03-2024,13:54,1080.55,1081.0,1080.05,1080.25,,,,,,,,
1224,19-03-2024,13:59,1080.25,1081.0,1079.95,1080.5,,,,,,,,
1225,19-03-2024,14:04,1080.55,1080.75,1078.2,1080.55,,,,,,,,
1226,19-03-2024,14:09,1080.6,1080.85,1079.65,1080.25,,,,,,,,
1227,19-03-2024,14:14,1080.05,1080.45,1078.9,1079.3,,,,,,,,
1228,19-03-2024,14:19,1079.5,1079.5,1077.75,1079.0,,,,,,,,
1229,19-03-2024,14:24,1078.75,1080.75,1078.65,1080.0,,,,,,,,
1230,19-03-2024,14:29,1079.75,1080.95,1079.05,1079.65,,,,,,,,
1231,19-03-2024,14:34,1079.65,1080.85,1079.15,1080.55,,,,,,,,
1232,19-03-2024,14:39,1080.55,1081.25,1079.2,1080.5,,,,,,,,
