,Date,Time,ltp,strikeprice,CE_sum,PE_sum,CE_contr,PE_contr
0,26-02-2024,13:09,46697.3,46700,686823,491382,,
1,26-02-2024,13:10,46697.3,46700,686823,491382,,
2,26-02-2024,13:10,46697.3,46700,686823,491382,,
3,26-02-2024,13:10,46697.3,46700,686823,491382,,
4,26-02-2024,13:10,46697.3,46700,686823,491382,,
5,26-02-2024,13:10,46697.3,46700,686823,491382,,
6,26-02-2024,13:11,46697.3,46700,686823,491382,,
7,26-02-2024,13:11,46697.3,46700,686823,491382,,
8,26-02-2024,13:11,46712,46700,688975,493073,,
9,26-02-2024,13:11,46712,46700,688975,493073,,
10,26-02-2024,13:11,46740.65,46700,688975,493073,,
11,26-02-2024,13:11,46740.65,46700,688975,493073,,
12,26-02-2024,13:12,46740.65,46700,688975,493073,,
13,26-02-2024,13:12,46740.65,46700,688975,493073,,
14,26-02-2024,13:12,46740.65,46700,688975,493073,,
15,26-02-2024,13:12,46740.65,46700,688975,493073,,
16,26-02-2024,13:12,46740.65,46700,688975,493073,,
17,26-02-2024,13:12,46781.85,46800,636630,521672,,
18,26-02-2024,13:13,46781.85,46800,636630,521672,,
19,26-02-2024,13:13,46747.2,46700,679589,487900,,
20,26-02-2024,13:13,46781.85,46800,636630,521672,,
21,26-02-2024,13:13,46747.2,46700,676426,489567,,
22,26-02-2024,13:13,46747.2,46700,676426,489567,,
23,26-02-2024,13:14,46747.2,46700,676426,489567,,
24,26-02-2024,13:14,46747.2,46700,676426,489567,,
25,26-02-2024,13:14,46747.2,46700,676426,489567,,
26,26-02-2024,13:14,46747.2,46700,676426,489567,,
27,26-02-2024,13:14,46795.15,46800,596606,528295,,
28,26-02-2024,13:15,46795.15,46800,596606,528295,,
29,26-02-2024,13:15,46795.15,46800,596606,528295,,
30,26-02-2024,13:15,46795.15,46800,596606,528295,,
31,26-02-2024,13:15,46795.15,46800,596606,528295,,
32,26-02-2024,13:15,46795.15,46800,596606,528295,,
33,26-02-2024,13:15,46795.15,46800,596606,528295,,
34,26-02-2024,13:16,46795.15,46800,596606,528295,,
35,26-02-2024,13:16,46795.15,46800,596606,528295,,
36,26-02-2024,13:16,46795.15,46800,596606,528295,,
37,26-02-2024,13:16,46795.15,46800,596606,528295,,
38,26-02-2024,13:16,46795.15,46800,596606,528295,,
39,26-02-2024,13:17,46795.15,46800,596606,528295,,
40,26-02-2024,13:17,46795.15,46800,596606,528295,,
41,26-02-2024,13:17,46795.15,46800,596606,528295,,
42,26-02-2024,13:17,46772.1,46800,596606,528295,,
43,26-02-2024,13:17,46772.1,46800,596606,528295,,
44,26-02-2024,13:17,46772.1,46800,596606,528295,,
45,26-02-2024,13:18,46772.1,46800,596606,528295,,
46,26-02-2024,13:18,46772.1,46800,596606,528295,,
47,26-02-2024,13:18,46772.1,46800,596606,528295,,
48,26-02-2024,13:18,46772.1,46800,596606,528295,,
49,26-02-2024,13:18,46794.15,46800,582429,532488,,
50,26-02-2024,13:19,46794.15,46800,582429,532488,,
51,26-02-2024,13:19,46794.15,46800,582429,532488,,
52,26-02-2024,13:19,46794.15,46800,582429,532488,,
53,26-02-2024,13:19,46794.15,46800,582429,532488,,
54,26-02-2024,13:19,46794.15,46800,582429,532488,,
55,26-02-2024,13:19,46794.15,46800,582429,532488,,
56,26-02-2024,13:20,46794.15,46800,582429,532488,,
57,26-02-2024,13:20,46794.15,46800,582429,532488,,
58,26-02-2024,13:20,46794.15,46800,582429,532488,,
59,26-02-2024,13:20,46794.15,46800,582429,532488,,
60,26-02-2024,13:20,46775.45,46800,582429,532488,,
61,26-02-2024,13:20,46794.15,46800,582429,532488,,
62,26-02-2024,13:21,46775.45,46800,582429,532488,,
63,26-02-2024,13:21,46775.45,46800,582429,532488,,
64,26-02-2024,13:21,46775.45,46800,582429,532488,,
65,26-02-2024,13:21,46768.3,46800,586155,534984,,
66,26-02-2024,13:21,46768.3,46800,586155,534984,,
67,26-02-2024,13:22,46775.45,46800,582429,532488,,
68,26-02-2024,13:22,46775.45,46800,582429,532488,,
69,26-02-2024,13:22,46775.45,46800,582429,532488,,
70,26-02-2024,13:22,46775.45,46800,582429,532488,,
71,26-02-2024,13:22,46751.1,46800,586155,534984,,
72,26-02-2024,13:23,46751.1,46800,586155,534984,,
73,26-02-2024,13:23,46751.1,46800,586155,534984,,
74,26-02-2024,13:23,46751.1,46800,586155,534984,,
75,26-02-2024,13:23,46751.1,46800,586155,534984,,
76,26-02-2024,13:23,46751.1,46800,586155,534984,,
77,26-02-2024,13:23,46751.1,46800,586155,534984,,
78,26-02-2024,13:24,46751.1,46800,586155,534984,,
79,26-02-2024,13:24,46751.1,46800,586155,534984,,
80,26-02-2024,13:24,46751.1,46800,586155,534984,,
81,26-02-2024,13:24,46751.1,46800,586155,534984,,
82,26-02-2024,13:24,46723.85,46700,603810,490980,,
83,26-02-2024,13:25,46723.85,46700,603810,490980,,
84,26-02-2024,13:25,46723.85,46700,603810,490980,,
85,26-02-2024,13:25,46723.85,46700,603810,490980,,
86,26-02-2024,13:25,46723.85,46700,603810,490980,,
87,26-02-2024,13:25,46723.85,46700,603810,490980,,
88,26-02-2024,13:25,46723.85,46700,603810,490980,,
89,26-02-2024,13:26,46723.85,46700,603810,490980,,
90,26-02-2024,13:26,46723.85,46700,603810,490980,,
91,26-02-2024,13:26,46723.85,46700,603810,490980,,
92,26-02-2024,13:26,46723.85,46700,603810,490980,,
93,26-02-2024,13:26,46723.85,46700,603810,490980,,
94,26-02-2024,13:27,46723.85,46700,603810,490980,,
95,26-02-2024,13:27,46730.35,46700,603810,490980,,
96,26-02-2024,13:27,46723.85,46700,603810,490980,,
97,26-02-2024,13:27,46730.35,46700,603810,490980,,
98,26-02-2024,13:27,46735.65,46700,603810,490980,,
99,26-02-2024,13:27,46735.65,46700,603810,490980,,
100,26-02-2024,13:28,46735.65,46700,603810,490980,,
101,26-02-2024,13:28,46735.65,46700,603810,490980,,
102,26-02-2024,13:28,46735.65,46700,603810,490980,,
103,26-02-2024,13:28,46735.65,46700,603810,490980,,
104,26-02-2024,13:28,46735.65,46700,603810,490980,,
105,26-02-2024,13:29,46735.65,46700,603810,490980,,
106,26-02-2024,13:29,46750.9,46800,584634,534917,,
107,26-02-2024,13:29,46750.9,46800,584634,534917,,
108,26-02-2024,13:29,46750.9,46800,584634,534917,,
109,26-02-2024,13:29,46750.9,46800,584634,534917,,
110,26-02-2024,13:30,46750.9,46800,584634,534917,,
111,26-02-2024,13:30,46750.9,46800,584634,534917,,
112,26-02-2024,13:30,46750.9,46800,584634,534917,,
113,26-02-2024,13:30,46750.9,46800,584634,534917,,
114,26-02-2024,13:30,46750.9,46800,584634,534917,,
115,26-02-2024,13:31,46750.9,46800,584634,534917,,
116,26-02-2024,13:31,46725.7,46700,609741,494997,,
117,26-02-2024,13:31,46725.7,46700,609741,494997,,
118,26-02-2024,13:31,46725.7,46700,609741,494997,,
119,26-02-2024,13:31,46750.9,46800,587071,535809,,
120,26-02-2024,13:32,46725.7,46700,609741,494997,,
121,26-02-2024,13:32,46725.7,46700,609741,494997,,
122,26-02-2024,13:32,46725.7,46700,609741,494997,,
123,26-02-2024,13:32,46725.7,46700,609741,494997,,
124,26-02-2024,13:32,46725.7,46700,609741,494997,,
125,26-02-2024,13:32,46725.7,46700,609741,494997,,
126,26-02-2024,13:33,46718.15,46700,608630,496150,,
127,26-02-2024,13:33,46718.15,46700,608630,496150,,
128,26-02-2024,13:33,46718.15,46700,608630,496150,,
129,26-02-2024,13:33,46718.15,46700,608630,496150,,
130,26-02-2024,13:33,46718.15,46700,608630,496150,,
131,26-02-2024,13:34,46718.15,46700,608630,496150,,
132,26-02-2024,13:34,46718.15,46700,608630,496150,,
133,26-02-2024,13:34,46718.15,46700,608630,496150,,
134,26-02-2024,13:34,46718.15,46700,608630,496150,,
135,26-02-2024,13:34:43,46718.15,46700,608630,496150,0.550906063,0.550906063
136,26-02-2024,13:35:05,46718.15,46700,608630,496150,0.550906063,0.550906063
137,26-02-2024,13:35:26,46706.45,46700,608630,496150,0.550906063,0.550906063
138,26-02-2024,13:35:46,46706.45,46700,608630,496150,0.550906063,0.550906063
139,26-02-2024,13:35:52,46706.45,46700,608630,496150,55.09,44.91
140,26-02-2024,13:36:13,46707.6,46700,608630,496150,55.09,44.91
141,26-02-2024,13:36:34,46706.45,46700,608630,496150,55.09,44.91
142,26-02-2024,13:36:54,46706.45,46700,608630,496150,55.09,44.91
143,26-02-2024,13:37:15,46715.1,46700,610934,500038,54.99,45.01
144,26-02-2024,13:37:36,46715.1,46700,610934,500038,54.99,45.01
145,26-02-2024,13:37:56,46715.1,46700,610934,500038,54.99,45.01
146,26-02-2024,13:38:18,46704.85,46700,610934,500038,54.99,45.01
147,26-02-2024,13:38:38,46704.85,46700,610934,500038,54.99,45.01
148,26-02-2024,13:38:59,46704.85,46700,610934,500038,54.99,45.01
149,26-02-2024,13:39:19,46704.85,46700,610934,500038,54.99,45.01
150,26-02-2024,13:39:40,46708,46700,610934,500038,54.99,45.01
151,26-02-2024,13:40:01,46708,46700,610934,500038,54.99,45.01
152,26-02-2024,13:40:22,46708,46700,610934,500038,54.99,45.01
153,26-02-2024,13:40:43,46710.7,46700,618330,501495,55.22,44.78
154,26-02-2024,13:41:04,46708,46700,610934,500038,54.99,45.01
155,26-02-2024,13:41:24,46710.7,46700,618330,501495,55.22,44.78
156,26-02-2024,13:41:45,46710.7,46700,618330,501495,55.22,44.78
157,26-02-2024,13:42:05,46673.4,46700,618330,501495,55.22,44.78
158,26-02-2024,13:42:26,46673.4,46700,618330,501495,55.22,44.78
159,26-02-2024,13:42:46,46679.6,46700,616004,494383,55.48,44.52
160,26-02-2024,13:43:07,46679.6,46700,616004,494383,55.48,44.52
161,26-02-2024,13:43:27,46679.6,46700,616004,494383,55.48,44.52
162,26-02-2024,13:43:48,46679.6,46700,616004,494383,55.48,44.52
163,26-02-2024,13:44:10,46679.6,46700,616004,494383,55.48,44.52
164,26-02-2024,13:44:30,46679.6,46700,616004,494383,55.48,44.52
165,26-02-2024,13:44:56,46679.6,46700,616004,494383,55.48,44.52
166,26-02-2024,13:45:17,46671.2,46700,616004,494383,55.48,44.52
167,26-02-2024,13:45:37,46671.2,46700,616004,494383,55.48,44.52
168,26-02-2024,13:45:58,46671.2,46700,616004,494383,55.48,44.52
169,26-02-2024,13:46:19,46671.2,46700,616004,494383,55.48,44.52
170,26-02-2024,13:46:39,46671.2,46700,616004,494383,55.48,44.52
171,26-02-2024,13:47:01,46667.65,46700,623906,497844,55.62,44.38
172,26-02-2024,13:47:21,46667.65,46700,623906,497844,55.62,44.38
173,26-02-2024,13:47:41,46667.65,46700,623906,497844,55.62,44.38
174,26-02-2024,13:48:02,46667.65,46700,623906,497844,55.62,44.38
175,26-02-2024,13:48:23,46667.65,46700,623906,497844,55.62,44.38
176,26-02-2024,13:48:44,46667.65,46700,623906,497844,55.62,44.38
177,26-02-2024,13:49:04,46667.65,46700,623906,497844,55.62,44.38
178,26-02-2024,13:49:25,46698.8,46700,629204,493735,56.03,43.97
179,26-02-2024,13:49:45,46698.8,46700,629204,493735,56.03,43.97
180,26-02-2024,13:50:06,46698.8,46700,629204,493735,56.03,43.97
181,26-02-2024,13:50:27,46698.8,46700,629204,493735,56.03,43.97
182,26-02-2024,13:50:47,46698.8,46700,629204,493735,56.03,43.97
183,26-02-2024,13:51:08,46698.8,46700,629204,493735,56.03,43.97
184,26-02-2024,13:51:29,46748.25,46700,629204,493735,56.03,43.97
185,26-02-2024,13:51:50,46748.25,46700,629204,493735,56.03,43.97
186,26-02-2024,13:52:09,46748.25,46700,632020,484683,56.6,43.4
187,26-02-2024,13:52:29,46748.25,46700,632020,484683,56.6,43.4
188,26-02-2024,13:52:50,46729.2,46700,632020,484683,56.6,43.4
189,26-02-2024,13:53:10,46729.2,46700,632020,484683,56.6,43.4
190,26-02-2024,13:53:31,46729.2,46700,632020,484683,56.6,43.4
191,26-02-2024,13:54:28,46729.2,46700,632020,484683,56.6,43.4
192,26-02-2024,13:54:49,46729.2,46700,631559,483866,56.62,43.38
193,26-02-2024,13:55:10,46729.2,46700,631559,483866,56.62,43.38
194,26-02-2024,13:55:30,46722.5,46700,632507,483438,56.68,43.32
195,26-02-2024,13:55:51,46722.5,46700,632507,483438,56.68,43.32
196,26-02-2024,13:56:12,46722.5,46700,632507,483438,56.68,43.32
197,26-02-2024,13:56:33,46722.5,46700,632507,483438,56.68,43.32
198,26-02-2024,13:56:54,46722.5,46700,632507,483438,56.68,43.32
199,26-02-2024,13:57:15,46729.5,46700,632507,483438,56.68,43.32
200,26-02-2024,13:57:35,46729.5,46700,632507,483438,56.68,43.32
201,26-02-2024,13:57:56,46729.5,46700,632507,483438,56.68,43.32
202,26-02-2024,13:58:17,46729.5,46700,632507,483438,56.68,43.32
203,26-02-2024,13:58:38,46729.5,46700,632507,483438,56.68,43.32
204,26-02-2024,13:58:58,46729.5,46700,632507,483438,56.68,43.32
205,26-02-2024,13:59:19,46697.5,46700,636529,485162,56.75,43.25
206,26-02-2024,13:59:40,46697.5,46700,636529,485162,56.75,43.25
207,26-02-2024,14:00:01,46697.5,46700,636529,485162,56.75,43.25
208,26-02-2024,14:00:21,46697.5,46700,636529,485162,56.75,43.25
209,26-02-2024,14:00:42,46697.5,46700,636529,485162,56.75,43.25
210,26-02-2024,14:01:03,46690.4,46700,628841,489184,56.25,43.75
211,26-02-2024,14:01:32,46690.4,46700,628841,489184,56.25,43.75
212,26-02-2024,14:01:53,46690.4,46700,628841,489184,56.25,43.75
213,26-02-2024,14:02:13,46690.4,46700,628841,489184,56.25,43.75
214,26-02-2024,14:02:34,46690.4,46700,628841,489184,56.25,43.75
215,26-02-2024,14:02:55,46690.4,46700,628841,489184,56.25,43.75
216,26-02-2024,14:03:15,46709.65,46700,628841,489184,56.25,43.75
217,26-02-2024,14:03:36,46709.65,46700,628841,489184,56.25,43.75
218,26-02-2024,14:03:57,46709.65,46700,628841,489184,56.25,43.75
219,26-02-2024,14:04:17,46709.65,46700,629843,489905,56.25,43.75
220,26-02-2024,14:04:38,46709.65,46700,629843,489905,56.25,43.75
221,26-02-2024,14:04:59,46709.65,46700,628841,489184,56.25,43.75
222,26-02-2024,14:05:20,46708.75,46700,629976,490600,56.22,43.78
223,26-02-2024,14:05:41,46708.75,46700,629976,490600,56.22,43.78
224,26-02-2024,14:06:01,46708.75,46700,629976,490600,56.22,43.78
225,26-02-2024,14:06:22,46708.75,46700,629976,490600,56.22,43.78
226,26-02-2024,14:06:43,46706.7,46700,630464,490762,56.23,43.77
227,26-02-2024,14:07:04,46706.7,46700,630464,490762,56.23,43.77
228,26-02-2024,14:07:25,46706.7,46700,630464,490762,56.23,43.77
229,26-02-2024,14:07:46,46706.7,46700,630464,490762,56.23,43.77
230,26-02-2024,14:08:06,46706.7,46700,630464,490762,56.23,43.77
231,26-02-2024,14:08:27,46706.7,46700,630464,490762,56.23,43.77
232,26-02-2024,14:08:47,46706.7,46700,630464,490762,56.23,43.77
233,26-02-2024,14:09:08,46706.7,46700,630464,490762,56.23,43.77
234,26-02-2024,14:09:29,46734.35,46700,630464,490762,56.23,43.77
235,26-02-2024,14:09:49,46734.35,46700,630464,490762,56.23,43.77
236,26-02-2024,14:10:10,46734.35,46700,630464,490762,56.23,43.77
237,26-02-2024,14:10:30,46734.35,46700,630464,490762,56.23,43.77
238,26-02-2024,14:10:51,46734.35,46700,630464,490762,56.23,43.77
239,26-02-2024,14:11:12,46734.35,46700,630464,490762,56.23,43.77
240,26-02-2024,14:11:32,46734.35,46700,630464,490762,56.23,43.77
241,26-02-2024,14:11:53,46736.3,46700,630852,492940,56.14,43.86
242,26-02-2024,14:12:13,46736.3,46700,630852,492940,56.14,43.86
243,26-02-2024,14:12:34,46736.3,46700,630852,492940,56.14,43.86
244,26-02-2024,14:12:56,46726.7,46700,629115,489914,56.22,43.78
245,26-02-2024,14:13:16,46726.7,46700,629115,489914,56.22,43.78
246,26-02-2024,14:13:37,46726.7,46700,629115,489914,56.22,43.78
247,26-02-2024,14:13:57,46726.7,46700,629115,489914,56.22,43.78
248,26-02-2024,14:14:18,46726.7,46700,629115,489914,56.22,43.78
249,26-02-2024,14:14:38,46726.7,46700,629115,489914,56.22,43.78
250,26-02-2024,14:14:59,46726.7,46700,629115,489914,56.22,43.78
251,26-02-2024,14:15:21,46714.1,46700,629115,489914,56.22,43.78
252,26-02-2024,14:15:42,46720.05,46700,629115,489914,56.22,43.78
253,26-02-2024,14:16:03,46714.1,46700,629115,489914,56.22,43.78
254,26-02-2024,14:16:24,46720.05,46700,629115,489914,56.22,43.78
255,26-02-2024,14:16:45,46714.1,46700,629115,489914,56.22,43.78
256,26-02-2024,14:17:05,46720.05,46700,628149,489505,56.2,43.8
257,26-02-2024,14:17:27,46720.05,46700,628149,489505,56.2,43.8
258,26-02-2024,14:17:47,46705.6,46700,627429,490438,56.13,43.87
259,26-02-2024,14:18:08,46705.6,46700,627429,490438,56.13,43.87
260,26-02-2024,14:18:28,46705.6,46700,627429,490438,56.13,43.87
261,26-02-2024,14:18:49,46705.6,46700,627429,490438,56.13,43.87
262,26-02-2024,14:19:10,46705.6,46700,624366,489556,56.05,43.95
263,26-02-2024,14:19:30,46705.6,46700,624366,489556,56.05,43.95
264,26-02-2024,14:19:51,46694.3,46700,624245,491863,55.93,44.07
265,26-02-2024,14:20:11,46694.3,46700,624245,491863,55.93,44.07
266,26-02-2024,14:20:32,46708.3,46700,624245,491863,55.93,44.07
267,26-02-2024,16:41:10,46576.5,46600,354081,297769,54.32,45.68
268,26-02-2024,19:24:25,46576.5,46600,354081,297769,54.32,45.68
269,26-02-2024,19:25:02,46576.5,46600,354081,297769,54.32,45.68
270,26-02-2024,19:25:39,46576.5,46600,354081,297769,54.32,45.68
271,26-02-2024,19:26:15,46576.5,46600,354081,297769,54.32,45.68
272,26-02-2024,19:26:52,46576.5,46600,354081,297769,54.32,45.68
273,26-02-2024,19:27:20,46576.5,46600,354081,297769,54.32,45.68
274,26-02-2024,19:27:57,46576.5,46600,354081,297769,54.32,45.68
275,26-02-2024,19:28:34,46576.5,46600,354081,297769,54.32,45.68
276,26-02-2024,19:29:11,46576.5,46600,354081,297769,54.32,45.68
277,26-02-2024,19:29:29,46576.5,46600,354081,297769,54.32,45.68
278,26-02-2024,19:30:06,46576.5,46600,354081,297769,54.32,45.68
279,26-02-2024,19:30:41,46576.5,46600,354081,297769,54.32,45.68
280,27-02-2024,10:02:43,46522.5,46500,566271,462986,55.02,44.98
281,27-02-2024,10:03:21,46522.5,46500,566271,462986,55.02,44.98
282,27-02-2024,10:03:57,46522.5,46500,566271,462986,55.02,44.98
283,27-02-2024,10:04:32,46522.5,46500,566271,462986,55.02,44.98
284,27-02-2024,10:05:08,46522.5,46500,566271,462986,55.02,44.98
285,27-02-2024,10:05:43,46538.25,46500,566271,462986,55.02,44.98
286,27-02-2024,10:06:19,46538.25,46500,566271,462986,55.02,44.98
287,27-02-2024,10:06:54,46533.5,46500,571832,456375,55.61,44.39
288,27-02-2024,10:07:30,46533.5,46500,571832,456375,55.61,44.39
289,27-02-2024,10:08:05,46533.5,46500,571832,456375,55.61,44.39
290,27-02-2024,10:08:40,46533.5,46500,571832,456375,55.61,44.39
291,27-02-2024,10:09:16,46440.25,46400,469115,267937,63.65,36.35
292,27-02-2024,10:09:52,46440.25,46400,469115,267937,63.65,36.35
293,27-02-2024,10:10:27,46440.25,46400,469115,267937,63.65,36.35
294,27-02-2024,10:11:03,46449.1,46400,469115,267937,63.65,36.35
295,27-02-2024,10:11:38,46449.1,46400,469115,267937,63.65,36.35
296,27-02-2024,10:12:14,46449.1,46400,469115,267937,63.65,36.35
297,27-02-2024,10:12:49,46447.5,46400,487597,272717,64.13,35.87
298,27-02-2024,10:13:25,46447.5,46400,487597,272717,64.13,35.87
299,27-02-2024,10:14:00,46447.5,46400,487597,272717,64.13,35.87
300,27-02-2024,10:14:36,46447.5,46400,487597,272717,64.13,35.87
301,27-02-2024,10:15:13,46451.7,46500,587556,465127,55.82,44.18
302,27-02-2024,10:15:49,46451.7,46500,587556,465127,55.82,44.18
303,27-02-2024,10:16:24,46451.7,46500,587556,465127,55.82,44.18
304,27-02-2024,10:17:00,46376.8,46400,501682,283261,63.91,36.09
305,27-02-2024,10:17:35,46376.8,46400,501682,283261,63.91,36.09
306,27-02-2024,10:18:11,46376.8,46400,501682,283261,63.91,36.09
307,27-02-2024,10:18:46,46376.8,46400,501682,283261,63.91,36.09
308,27-02-2024,10:19:22,46401.7,46400,528231,262009,66.84,33.16
309,27-02-2024,10:19:58,46401.7,46400,528231,262009,66.84,33.16
310,27-02-2024,10:20:33,46401.7,46400,528231,262009,66.84,33.16
311,27-02-2024,10:21:09,46401.7,46400,528231,262009,66.84,33.16
312,27-02-2024,10:21:44,46408.7,46400,542978,276600,66.25,33.75
313,27-02-2024,10:22:20,46407.1,46400,542978,276600,66.25,33.75
314,27-02-2024,10:22:55,46402.8,46400,542978,276600,66.25,33.75
315,27-02-2024,10:23:31,46402.8,46400,542978,276600,66.25,33.75
316,27-02-2024,10:24:06,46402.8,46400,542978,276600,66.25,33.75
317,27-02-2024,10:24:42,46402.8,46400,542978,276600,66.25,33.75
318,27-02-2024,10:25:18,46369.5,46400,555052,266500,67.56,32.44
319,27-02-2024,10:25:53,46369.5,46400,555052,266500,67.56,32.44
320,27-02-2024,10:26:29,46369.5,46400,580879,266500,68.55,31.45
321,27-02-2024,10:27:04,46369.5,46400,580879,266500,68.55,31.45
322,27-02-2024,10:27:40,46370.35,46400,580879,265794,68.61,31.39
323,27-02-2024,10:28:15,46370.35,46400,580879,265794,68.61,31.39
324,27-02-2024,10:28:51,46370.35,46400,580879,265794,68.61,31.39
325,27-02-2024,10:29:26,46382.1,46400,580879,265794,68.61,31.39
326,27-02-2024,10:30:02,46382.1,46400,580879,265794,68.61,31.39
327,27-02-2024,10:30:38,46382.1,46400,580879,265794,68.61,31.39
328,27-02-2024,10:31:22,46411.7,46400,581399,265794,68.63,31.37
329,27-02-2024,10:31:57,46398.05,46400,586802,271310,68.38,31.62
330,27-02-2024,10:32:33,46373.2,46400,602545,280519,68.23,31.77
331,27-02-2024,10:33:08,46379.8,46400,602545,280519,68.23,31.77
332,27-02-2024,10:33:43,46373.2,46400,602545,280519,68.23,31.77
333,27-02-2024,10:34:19,46373.2,46400,602545,280519,68.23,31.77
334,27-02-2024,10:34:55,46391.25,46400,602545,280519,68.23,31.77
335,27-02-2024,10:35:30,46391.25,46400,602545,280519,68.23,31.77
336,27-02-2024,10:36:06,46391.25,46400,602545,280519,68.23,31.77
337,27-02-2024,10:36:41,46391.25,46400,602545,280519,68.23,31.77
338,27-02-2024,10:37:17,46406.05,46400,610121,286669,68.03,31.97
339,27-02-2024,10:37:53,46406.05,46400,610121,286669,68.03,31.97
340,27-02-2024,10:38:28,46406.05,46400,610121,286669,68.03,31.97
341,27-02-2024,10:39:03,46399.25,46400,618173,290643,68.02,31.98
342,27-02-2024,10:39:39,46410.1,46400,618173,290643,68.02,31.98
343,27-02-2024,10:40:15,46399.25,46400,618173,290643,68.02,31.98
344,27-02-2024,10:40:50,46399.25,46400,618173,290643,68.02,31.98
345,27-02-2024,10:41:26,46410.1,46400,618173,290643,68.02,31.98
346,27-02-2024,10:42:01,46407.35,46400,618088,295467,67.66,32.34
347,27-02-2024,10:42:37,46407.35,46400,618088,295467,67.66,32.34
348,27-02-2024,10:43:12,46386.85,46400,618088,295467,67.66,32.34
349,27-02-2024,10:43:47,46401.85,46400,618088,295467,67.66,32.34
350,27-02-2024,10:44:23,46401.85,46400,618088,295467,67.66,32.34
351,27-02-2024,10:44:58,46418.85,46400,623509,299945,67.52,32.48
352,27-02-2024,10:45:34,46418.85,46400,623509,299945,67.52,32.48
353,27-02-2024,10:46:09,46418.85,46400,623509,299945,67.52,32.48
354,27-02-2024,10:46:45,46418.85,46400,623509,299945,67.52,32.48
355,27-02-2024,10:47:20,46442.25,46400,623509,299945,67.52,32.48
356,27-02-2024,10:47:56,46442.25,46400,623509,299945,67.52,32.48
357,27-02-2024,10:48:31,46442.25,46400,623509,299945,67.52,32.48
358,27-02-2024,10:49:07,46450.5,46500,673072,444907,60.2,39.8
359,27-02-2024,10:49:42,46450.5,46500,673072,444907,60.2,39.8
360,27-02-2024,10:50:18,46450.5,46500,673072,444907,60.2,39.8
361,27-02-2024,10:50:53,46450.5,46500,673072,444907,60.2,39.8
362,27-02-2024,10:51:29,46450.5,46500,673072,444907,60.2,39.8
363,27-02-2024,10:52:04,46455.8,46500,677295,449067,60.13,39.87
364,27-02-2024,10:53:07,46476.8,46500,677295,449067,60.13,39.87
365,27-02-2024,10:53:42,46476.8,46500,677295,449067,60.13,39.87
366,27-02-2024,10:54:18,46476.8,46500,677295,449067,60.13,39.87
367,27-02-2024,10:54:54,46476.8,46500,673331,450440,59.92,40.08
368,27-02-2024,10:55:30,46446.8,46400,613976,294415,67.59,32.41
369,27-02-2024,10:56:05,46446.8,46400,613976,294415,67.59,32.41
370,27-02-2024,10:56:41,46446.8,46400,613976,294415,67.59,32.41
371,27-02-2024,10:57:16,46458.1,46500,664052,468015,58.66,41.34
372,27-02-2024,10:57:51,46458.1,46500,664052,468015,58.66,41.34
373,27-02-2024,10:58:27,46478.1,46500,664052,468015,58.66,41.34
374,27-02-2024,10:59:02,46478.1,46500,664052,468015,58.66,41.34
375,27-02-2024,10:59:37,46478.1,46500,664052,468015,58.66,41.34
376,27-02-2024,11:00:13,46478.1,46500,664052,468015,58.66,41.34
377,27-02-2024,11:00:49,46478.1,46500,664052,468015,58.66,41.34
378,27-02-2024,11:01:24,46448.15,46400,597561,303128,66.34,33.66
379,27-02-2024,11:02:00,46448.15,46400,597561,303128,66.34,33.66
380,27-02-2024,11:02:35,46448.15,46400,597561,303128,66.34,33.66
381,27-02-2024,11:03:10,46448.15,46400,597561,303128,66.34,33.66
382,27-02-2024,11:03:46,46470.3,46500,647974,473373,57.79,42.21
383,27-02-2024,11:04:22,46470.3,46500,647974,473373,57.79,42.21
384,27-02-2024,11:04:57,46470.3,46500,647974,473373,57.79,42.21
385,27-02-2024,11:05:33,46475.8,46500,647974,473373,57.79,42.21
386,27-02-2024,11:06:08,46475.8,46500,647974,473373,57.79,42.21
387,27-02-2024,11:06:44,46480.05,46500,648905,478064,57.58,42.42
388,27-02-2024,11:07:19,46480.05,46500,648905,478064,57.58,42.42
389,27-02-2024,11:07:54,46480.05,46500,648905,478064,57.58,42.42
390,27-02-2024,11:08:30,46480.05,46500,648905,478064,57.58,42.42
391,27-02-2024,11:09:05,46479.4,46500,646898,481141,57.35,42.65
392,27-02-2024,11:09:41,46479.4,46500,646898,481141,57.35,42.65
393,27-02-2024,11:10:16,46479.4,46500,646898,481141,57.35,42.65
394,27-02-2024,11:10:52,46486.45,46500,646898,481141,57.35,42.65
395,27-02-2024,11:11:27,46486.45,46500,646898,481141,57.35,42.65
396,27-02-2024,11:12:03,46486.45,46500,646898,481141,57.35,42.65
397,27-02-2024,11:12:38,46486.45,46500,646898,481141,57.35,42.65
398,27-02-2024,11:13:14,46486.45,46500,646898,481141,57.35,42.65
399,27-02-2024,11:13:49,46461.25,46500,649685,486667,57.17,42.83
400,27-02-2024,11:14:25,46461.25,46500,649685,486667,57.17,42.83
401,27-02-2024,11:15:01,46459,46500,649034,494537,56.76,43.24
402,27-02-2024,11:15:36,46459,46500,649034,494537,56.76,43.24
403,27-02-2024,11:16:12,46459,46500,649034,494537,56.76,43.24
404,27-02-2024,11:16:47,46452.1,46500,649034,494537,56.76,43.24
405,27-02-2024,11:17:23,46452.1,46500,649034,494537,56.76,43.24
406,27-02-2024,11:17:58,46452.1,46500,649034,494537,56.76,43.24
407,27-02-2024,11:18:33,46452.1,46500,649034,494537,56.76,43.24
408,27-02-2024,11:19:09,46453.3,46500,651675,493580,56.9,43.1
409,27-02-2024,11:19:44,46453.3,46500,651675,493580,56.9,43.1
410,27-02-2024,11:20:20,46429.35,46400,587501,311135,65.38,34.62
411,27-02-2024,11:20:56,46453.3,46500,651675,493580,56.9,43.1
412,27-02-2024,11:21:31,46433,46400,588704,310093,65.5,34.5
413,27-02-2024,11:22:06,46433,46400,588704,310093,65.5,34.5
414,27-02-2024,11:22:42,46428.55,46400,588704,310093,65.5,34.5
415,27-02-2024,11:23:17,46428.55,46400,588704,310093,65.5,34.5
416,27-02-2024,11:23:53,46428.55,46400,588704,310093,65.5,34.5
417,27-02-2024,11:24:28,46428.55,46400,588704,310093,65.5,34.5
418,27-02-2024,11:25:04,46434.5,46400,592124,312521,65.45,34.55
419,27-02-2024,11:25:39,46434.5,46400,592124,312521,65.45,34.55
420,27-02-2024,11:26:14,46434.5,46400,592124,312521,65.45,34.55
421,27-02-2024,11:26:50,46434.5,46400,592124,312521,65.45,34.55
422,27-02-2024,11:27:25,46527.15,46500,652435,479523,57.64,42.36
423,27-02-2024,11:28:01,46527.15,46500,652435,479523,57.64,42.36
424,27-02-2024,11:28:36,46520.25,46500,652435,479523,57.64,42.36
425,27-02-2024,11:29:14,46520.25,46500,652435,479523,57.64,42.36
426,27-02-2024,11:29:49,46520.25,46500,652435,479523,57.64,42.36
427,27-02-2024,11:30:25,46513.05,46500,652435,483198,57.45,42.55
428,27-02-2024,11:31:00,46513.05,46500,648484,481289,57.4,42.6
429,27-02-2024,11:31:35,46513.05,46500,648484,481289,57.4,42.6
430,27-02-2024,11:32:11,46513.05,46500,648484,481289,57.4,42.6
431,27-02-2024,11:32:47,46513.05,46500,648484,481289,57.4,42.6
432,27-02-2024,11:33:22,46508,46500,656754,487466,57.4,42.6
433,27-02-2024,11:33:58,46508,46500,656754,487466,57.4,42.6
434,27-02-2024,11:34:33,46508,46500,656754,487466,57.4,42.6
435,27-02-2024,11:35:08,46510.85,46500,656754,487466,57.4,42.6
436,27-02-2024,11:35:44,46510.85,46500,656754,487466,57.4,42.6
437,27-02-2024,11:36:20,46510.85,46500,656754,487466,57.4,42.6
438,27-02-2024,11:36:55,46510.85,46500,656754,487466,57.4,42.6
439,27-02-2024,11:37:31,46499.65,46500,664598,485671,57.78,42.22
440,27-02-2024,11:38:06,46506.25,46500,664598,485671,57.78,42.22
441,27-02-2024,11:38:42,46499.65,46500,664598,485671,57.78,42.22
442,27-02-2024,11:39:17,46499.65,46500,664598,485671,57.78,42.22
443,27-02-2024,11:39:53,46503.25,46500,667116,487659,57.77,42.23
444,27-02-2024,11:40:28,46503.25,46500,667116,487659,57.77,42.23
445,27-02-2024,11:41:04,46493.3,46500,667116,487659,57.77,42.23
446,27-02-2024,11:41:39,46493.3,46500,667116,487659,57.77,42.23
447,27-02-2024,11:42:15,46493.3,46500,667116,487659,57.77,42.23
448,27-02-2024,11:42:51,46493.3,46500,667116,487659,57.77,42.23
449,27-02-2024,11:43:26,46441.2,46400,594586,297123,66.68,33.32
450,27-02-2024,11:44:02,46441.2,46400,594586,297123,66.68,33.32
451,27-02-2024,11:44:37,46463.35,46500,659136,488756,57.42,42.58
452,27-02-2024,11:45:14,46441.2,46400,591406,296960,66.57,33.43
453,27-02-2024,11:45:50,46463.35,46500,659136,488593,57.43,42.57
454,27-02-2024,11:46:30,46463.35,46500,659136,488593,57.43,42.57
455,27-02-2024,11:47:06,46471.3,46500,659136,488593,57.43,42.57
456,27-02-2024,11:47:41,46463.35,46500,659136,488593,57.43,42.57
457,27-02-2024,11:48:16,46469.95,46500,659136,488593,57.43,42.57
458,27-02-2024,11:48:52,46471.3,46500,659136,488593,57.43,42.57
459,27-02-2024,11:49:27,46465.25,46500,659976,490588,57.36,42.64
460,27-02-2024,11:50:03,46465.25,46500,659976,490588,57.36,42.64
461,27-02-2024,11:50:38,46465.25,46500,659976,490588,57.36,42.64
462,27-02-2024,11:51:14,46466.85,46500,659078,491441,57.29,42.71
463,27-02-2024,11:51:49,46466.85,46500,659078,494702,57.12,42.88
464,27-02-2024,11:52:25,46466.85,46500,659078,494702,57.12,42.88
465,27-02-2024,11:53:00,46468.15,46500,659078,494702,57.12,42.88
466,27-02-2024,11:53:35,46468.15,46500,659078,494702,57.12,42.88
467,27-02-2024,11:54:11,46468.15,46500,659078,494702,57.12,42.88
468,27-02-2024,11:54:47,46468.15,46500,659078,494702,57.12,42.88
469,27-02-2024,11:55:22,46477,46500,656840,496146,56.97,43.03
470,27-02-2024,11:55:58,46477,46500,656840,496146,56.97,43.03
471,27-02-2024,11:56:33,46477,46500,656840,496146,56.97,43.03
472,27-02-2024,11:57:09,46473,46500,656286,496925,56.91,43.09
473,27-02-2024,11:57:44,46467.95,46500,656286,496925,56.91,43.09
474,27-02-2024,11:58:19,46467.95,46500,656286,496925,56.91,43.09
475,27-02-2024,11:58:55,46466.45,46500,656286,496925,56.91,43.09
476,27-02-2024,11:59:30,46466.45,46500,656286,496925,56.91,43.09
477,27-02-2024,12:00:17,46466.45,46500,656286,496925,56.91,43.09
478,27-02-2024,12:00:52,46466.45,46500,656286,496925,56.91,43.09
479,27-02-2024,12:01:27,46470.65,46500,653470,500256,56.64,43.36
480,27-02-2024,12:02:04,46475.5,46500,653470,500256,56.64,43.36
481,27-02-2024,12:02:40,46475.5,46500,653470,500256,56.64,43.36
482,27-02-2024,12:03:15,46479.2,46500,658191,500287,56.82,43.18
483,27-02-2024,12:03:51,46479.2,46500,658191,500287,56.82,43.18
484,27-02-2024,12:04:26,46479.2,46500,658191,500287,56.82,43.18
485,27-02-2024,12:05:03,46479.2,46500,658191,500287,56.82,43.18
486,27-02-2024,12:05:38,46451.2,46500,658191,498237,56.92,43.08
487,27-02-2024,12:06:14,46451.2,46500,658191,498237,56.92,43.08
488,27-02-2024,12:06:51,46451.2,46500,658191,498237,56.92,43.08
489,27-02-2024,12:07:27,46436.25,46400,591997,311186,65.55,34.45
490,27-02-2024,12:08:02,46433.4,46400,591997,311186,65.55,34.45
491,27-02-2024,12:08:38,46433.4,46400,592610,311186,65.57,34.43
492,27-02-2024,12:09:14,46433.4,46400,592610,311186,65.57,34.43
493,27-02-2024,12:09:50,46436.45,46400,595563,314339,65.45,34.55
494,27-02-2024,12:10:26,46436.45,46400,595563,314339,65.45,34.55
495,27-02-2024,12:11:01,46423.7,46400,595563,314339,65.45,34.55
496,27-02-2024,12:11:37,46423.7,46400,595563,314339,65.45,34.55
497,27-02-2024,12:12:13,46423.7,46400,595563,314339,65.45,34.55
498,27-02-2024,12:12:48,46430.5,46400,595563,314339,65.45,34.55
499,27-02-2024,12:13:25,46414.3,46400,595972,310421,65.75,34.25
500,27-02-2024,12:14:00,46414.3,46400,595972,310421,65.75,34.25
501,27-02-2024,12:14:35,46414.3,46400,595972,310421,65.75,34.25
502,27-02-2024,12:15:11,46414.3,46400,595972,310421,65.75,34.25
503,27-02-2024,12:15:47,46441.1,46400,597463,310421,65.81,34.19
504,27-02-2024,12:16:23,46441.1,46400,597463,310421,65.81,34.19
505,27-02-2024,12:16:58,46455.8,46500,666145,500792,57.08,42.92
506,27-02-2024,12:17:33,46452.6,46500,666145,500792,57.08,42.92
507,27-02-2024,12:18:09,46455.8,46500,666145,500792,57.08,42.92
508,27-02-2024,12:18:44,46455.8,46500,666145,500792,57.08,42.92
509,27-02-2024,12:19:20,46414.5,46400,605817,310146,66.14,33.86
510,27-02-2024,12:19:55,46450.2,46500,674418,499139,57.47,42.53
511,27-02-2024,12:20:31,46450.2,46500,674418,499139,57.47,42.53
512,27-02-2024,12:21:08,46414.5,46400,605817,310146,66.14,33.86
513,27-02-2024,12:21:44,46450.2,46500,674418,499139,57.47,42.53
514,27-02-2024,12:22:19,46427.9,46400,608869,310146,66.25,33.75
515,27-02-2024,12:22:55,46433.2,46400,608869,312619,66.07,33.93
516,27-02-2024,12:23:31,46433.2,46400,608869,312619,66.07,33.93
517,27-02-2024,12:24:06,46433.2,46400,608869,312619,66.07,33.93
518,27-02-2024,12:24:42,46433.2,46400,608869,312619,66.07,33.93
519,27-02-2024,12:25:17,46439.45,46400,609954,315781,65.89,34.11
520,27-02-2024,12:25:52,46439.45,46400,609954,315781,65.89,34.11
521,27-02-2024,12:26:28,46439.45,46400,609954,315781,65.89,34.11
522,27-02-2024,12:27:26,46461.65,46500,679504,498223,57.7,42.3
523,27-02-2024,12:28:01,46461.65,46500,679504,498223,57.7,42.3
524,27-02-2024,12:28:37,46461.65,46500,679504,498223,57.7,42.3
525,27-02-2024,12:29:12,46461.65,46500,679504,498223,57.7,42.3
526,27-02-2024,12:29:48,46458.75,46500,679504,498223,57.7,42.3
527,27-02-2024,12:30:23,46458.75,46500,679504,498223,57.7,42.3
528,27-02-2024,12:31:23,46452.3,46500,682257,499958,57.71,42.29
529,27-02-2024,12:31:59,46452.3,46500,682257,499958,57.71,42.29
530,27-02-2024,12:32:34,46443.45,46400,613956,315700,66.04,33.96
531,27-02-2024,12:33:10,46443.45,46400,613956,315700,66.04,33.96
532,27-02-2024,12:33:46,46443.45,46400,614123,315700,66.05,33.95
533,27-02-2024,12:34:21,46443.45,46400,614123,315700,66.05,33.95
534,27-02-2024,12:34:57,46443.45,46400,614123,315700,66.05,33.95
535,27-02-2024,12:35:32,46459.15,46500,684600,499526,57.81,42.19
536,27-02-2024,12:37:28,46414.75,46400,620570,316215,66.24,33.76
537,27-02-2024,12:39:28,46414.75,46400,620570,316215,66.24,33.76
538,27-02-2024,12:41:24,46448.45,46400,624394,316086,66.39,33.61
539,27-02-2024,12:43:20,46469.3,46500,693576,495735,58.32,41.68
540,27-02-2024,12:45:15,46469.3,46500,693576,495735,58.32,41.68
541,27-02-2024,12:47:11,46479.5,46500,693576,497412,58.24,41.76
542,27-02-2024,12:49:06,46487.5,46500,696106,500489,58.17,41.83
543,27-02-2024,12:51:01,46557.6,46600,544476,541900,50.12,49.88
544,27-02-2024,12:52:57,46557.6,46600,544476,541900,50.12,49.88
545,27-02-2024,12:54:52,46557.8,46600,532596,551529,49.13,50.87
546,27-02-2024,12:56:47,46557.8,46600,532596,551529,49.13,50.87
547,27-02-2024,12:58:44,46605.25,46600,521342,554700,48.45,51.55
548,27-02-2024,13:00:39,46596.65,46600,530806,555872,48.85,51.15
549,27-02-2024,13:02:35,46596.65,46600,530806,555872,48.85,51.15
550,27-02-2024,13:04:30,46603.85,46600,521636,556504,48.38,51.62
551,27-02-2024,13:06:26,46589.1,46600,521118,557229,48.33,51.67
552,27-02-2024,13:08:22,46589.1,46600,521118,557229,48.33,51.67
553,27-02-2024,13:10:17,46581.45,46600,521118,557229,48.33,51.67
554,27-02-2024,13:12:13,46555.1,46600,522659,552499,48.61,51.39
555,27-02-2024,13:14:08,46576.5,46600,511472,545716,48.38,51.62
556,27-02-2024,13:16:05,46598.2,46600,511472,545716,48.38,51.62
557,27-02-2024,13:18:01,46663.05,46700,661530,551125,54.55,45.45
558,27-02-2024,13:20:01,46640.5,46600,503705,537212,48.39,51.61
559,27-02-2024,13:21:57,46686.25,46700,657696,556192,54.18,45.82
560,27-02-2024,13:23:52,46691.8,46700,657696,556192,54.18,45.82
561,27-02-2024,13:25:48,46642.2,46600,482467,537957,47.28,52.72
562,27-02-2024,13:27:44,46663.5,46700,638936,559555,53.31,46.69
563,27-02-2024,13:29:40,46666.6,46700,641814,562730,53.28,46.72
564,27-02-2024,13:31:36,46666.6,46700,641814,562730,53.28,46.72
565,27-02-2024,13:33:31,46678.25,46700,645508,566488,53.26,46.74
566,27-02-2024,13:35:27,46704.05,46700,641219,565492,53.14,46.86
567,27-02-2024,13:37:23,46678.6,46700,641847,566401,53.12,46.88
568,27-02-2024,13:39:19,46651.35,46700,641847,566401,53.12,46.88
569,27-02-2024,13:41:14,46677.4,46700,641441,564763,53.18,46.82
570,27-02-2024,13:43:10,46666,46700,643869,566442,53.2,46.8
571,27-02-2024,13:45:15,46628.45,46600,490307,535083,47.82,52.18
572,27-02-2024,13:47:11,46614.05,46600,477221,528151,47.47,52.53
573,27-02-2024,13:49:06,46598.5,46600,474365,524326,47.5,52.5
574,27-02-2024,13:51:01,46587.5,46600,474365,524326,47.5,52.5
575,27-02-2024,13:52:57,46587.5,46600,474365,524326,47.5,52.5
576,27-02-2024,13:54:53,46595,46600,476764,525819,47.55,52.45
577,27-02-2024,13:56:48,46576.6,46600,481242,522852,47.93,52.07
578,27-02-2024,13:58:44,46576.6,46600,481242,522852,47.93,52.07
579,27-02-2024,14:00:40,46543.3,46500,555923,446098,55.48,44.52
580,27-02-2024,14:02:36,46578.45,46600,478719,513735,48.24,51.76
581,27-02-2024,14:04:31,46555.5,46600,483906,512472,48.57,51.43
582,27-02-2024,14:06:28,46551.65,46600,483906,512472,48.57,51.43
583,27-02-2024,14:08:24,46553,46600,486866,518381,48.43,51.57
584,27-02-2024,14:10:19,46573.85,46600,486866,518381,48.43,51.57
585,27-02-2024,14:12:14,46583.1,46600,490880,517133,48.7,51.3
586,27-02-2024,14:14:10,46614.6,46600,494737,520045,48.75,51.25
587,27-02-2024,14:16:06,46634.3,46600,494737,520045,48.75,51.25
588,27-02-2024,14:18:01,46649.55,46600,499434,516531,49.16,50.84
589,27-02-2024,14:19:57,46635.35,46600,500209,523358,48.87,51.13
590,27-02-2024,14:21:54,46629.55,46600,500209,523358,48.87,51.13
591,27-02-2024,14:23:50,46629.35,46600,502526,525658,48.88,51.12
592,27-02-2024,14:25:45,46629.35,46600,509493,527867,49.11,50.89
593,27-02-2024,14:27:41,46575.45,46600,509493,527867,49.11,50.89
594,27-02-2024,14:29:37,46602.5,46600,501642,529727,48.64,51.36
595,27-02-2024,14:31:33,46582.25,46600,503868,535480,48.48,51.52
596,27-02-2024,14:33:29,46572.6,46600,503868,535480,48.48,51.52
597,27-02-2024,14:35:24,46597.75,46600,499498,527942,48.62,51.38
598,27-02-2024,14:37:20,46597.75,46600,499498,527942,48.62,51.38
599,27-02-2024,14:39:20,46627.2,46600,501379,528629,48.68,51.32
600,27-02-2024,14:41:15,46615.3,46600,505827,525805,49.03,50.97
601,27-02-2024,14:43:11,46628.45,46600,502707,528235,48.76,51.24
602,27-02-2024,14:45:06,46660.3,46700,640871,551245,53.76,46.24
603,27-02-2024,14:47:02,46641.45,46600,495216,524898,48.55,51.45
604,27-02-2024,14:48:57,46641.45,46600,495216,524898,48.55,51.45
605,27-02-2024,14:50:52,46598.75,46600,491404,521743,48.5,51.5
606,27-02-2024,14:52:48,46598.75,46600,491404,520501,48.56,51.44
607,27-02-2024,14:54:44,46588.45,46600,488084,518145,48.51,51.49
608,27-02-2024,14:56:39,46593.65,46600,485515,518757,48.34,51.66
609,27-02-2024,14:58:35,46581.85,46600,485515,518757,48.34,51.66
610,27-02-2024,15:00:57,46584.9,46600,486642,513921,48.64,51.36
611,27-02-2024,15:02:53,46552.35,46600,484272,504933,48.96,51.04
612,27-02-2024,15:04:48,46611.55,46600,484272,504933,48.96,51.04
613,27-02-2024,15:06:44,46603.5,46600,483061,497354,49.27,50.73
614,27-02-2024,15:08:40,46602.8,46600,485053,497769,49.35,50.65
615,27-02-2024,15:10:35,46599.1,46600,485053,497769,49.35,50.65
616,27-02-2024,15:20:16,46575.6,46600,462365,465418,49.84,50.16
617,27-02-2024,15:22:11,46573.45,46600,456120,465418,49.5,50.5
618,28-02-2024,09:21:50,46604.3,46600,495516,486574,50.46,49.54
619,28-02-2024,09:23:46,46611.75,46600,495516,486574,50.46,49.54
620,28-02-2024,09:25:41,46611.75,46600,495516,486574,50.46,49.54
621,28-02-2024,09:27:37,46630.65,46600,571637,546875,51.11,48.89
622,28-02-2024,09:29:32,46630.3,46600,571637,546875,51.11,48.89
623,28-02-2024,09:31:28,46644.8,46600,571637,546875,51.11,48.89
624,28-02-2024,09:33:23,46610.05,46600,604673,568672,51.53,48.47
625,28-02-2024,09:35:19,46635.6,46600,630566,587761,51.76,48.24
626,28-02-2024,09:37:14,46658.45,46700,761219,626110,54.87,45.13
627,28-02-2024,09:39:10,46662.35,46700,770696,637345,54.74,45.26
628,28-02-2024,09:41:06,46644.4,46600,669637,604008,52.58,47.42
629,28-02-2024,09:43:02,46644.4,46600,669637,604008,52.58,47.42
630,28-02-2024,09:44:57,46626.5,46600,670760,596275,52.94,47.06
631,28-02-2024,09:46:53,46615.7,46600,670760,596275,52.94,47.06
632,28-02-2024,09:48:48,46619.85,46600,670760,596275,52.94,47.06
633,28-02-2024,09:50:43,46646.55,46600,691356,606885,53.25,46.75
634,28-02-2024,09:52:39,46641.4,46600,691356,606885,53.25,46.75
635,28-02-2024,09:54:34,46632.1,46600,706121,607871,53.74,46.26
636,28-02-2024,09:56:29,46645.45,46600,709498,620327,53.35,46.65
637,28-02-2024,09:58:35,46604,46600,712745,626692,53.21,46.79
638,28-02-2024,10:00:30,46588.2,46600,712745,626692,53.21,46.79
639,28-02-2024,10:02:25,46600.65,46600,712745,626692,53.21,46.79
640,28-02-2024,10:06:21,46554.85,46600,742374,606753,55.03,44.97
641,28-02-2024,10:08:17,46569.1,46600,758693,622800,54.92,45.08
642,28-02-2024,10:10:12,46561.35,46600,758693,622800,54.92,45.08
643,28-02-2024,10:12:09,46693.75,46700,880346,641161,57.86,42.14
644,28-02-2024,10:14:04,46723.2,46700,834856,664150,55.69,44.31
645,28-02-2024,10:16:00,46711.8,46700,826054,675958,55,45
646,28-02-2024,10:17:56,46703.5,46700,826054,675958,55,45
647,28-02-2024,10:19:51,46703.5,46700,826054,675958,55,45
648,28-02-2024,10:21:47,46708.55,46700,841239,689002,54.97,45.03
649,28-02-2024,10:23:42,46699.95,46700,859499,695962,55.26,44.74
650,28-02-2024,10:25:38,46746.3,46700,878516,707670,55.39,44.61
651,28-02-2024,10:27:33,46735,46700,847757,719289,54.1,45.9
652,28-02-2024,10:29:29,46734.7,46700,847757,719289,54.1,45.9
653,28-02-2024,10:31:25,46732.95,46700,847757,719289,54.1,45.9
654,28-02-2024,10:33:20,46710.15,46700,858342,728404,54.09,45.91
655,28-02-2024,10:35:16,46660.15,46700,860224,733873,53.96,46.04
656,28-02-2024,10:37:12,46660.05,46700,864054,730232,54.2,45.8
657,28-02-2024,10:39:08,46680.05,46700,863883,726001,54.34,45.66
658,28-02-2024,10:41:03,46638.3,46600,682884,672971,50.37,49.63
659,28-02-2024,10:42:58,46638.3,46600,682884,672971,50.37,49.63
660,28-02-2024,10:44:54,46652.15,46700,894240,729162,55.08,44.92
661,28-02-2024,10:46:50,46652.15,46700,894240,729162,55.08,44.92
662,28-02-2024,10:48:45,46628.35,46600,722658,673302,51.77,48.23
663,28-02-2024,10:50:40,46596.4,46600,726822,666170,52.18,47.82
664,28-02-2024,10:52:36,46596.4,46600,746501,666170,52.84,47.16
665,28-02-2024,10:54:32,46596.4,46600,746501,666170,52.84,47.16
666,28-02-2024,10:56:27,46440.75,46400,696525,337896,67.33,32.67
667,28-02-2024,10:58:25,46419.1,46400,745073,337896,68.8,31.2
668,28-02-2024,11:00:21,46422.5,46400,796665,308060,72.11,27.89
669,28-02-2024,11:02:17,46187.7,46200,476560,376408,55.87,44.13
670,28-02-2024,11:04:12,46072.95,46100,192069,367563,34.32,65.68
671,28-02-2024,11:06:11,46192.7,46200,551776,358735,60.6,39.4
672,28-02-2024,11:08:07,46117.55,46100,330731,368482,47.3,52.7
673,28-02-2024,11:10:03,46156.15,46200,608658,377560,61.72,38.28
674,28-02-2024,11:11:58,46203.45,46200,636627,390766,61.97,38.03
675,28-02-2024,11:13:54,46205.35,46200,649928,430417,60.16,39.84
676,28-02-2024,11:15:49,46219.15,46200,649928,430417,60.16,39.84
677,28-02-2024,11:17:45,46219.3,46200,656081,461098,58.73,41.27
678,28-02-2024,11:19:40,46246.85,46200,676331,501771,57.41,42.59
679,28-02-2024,11:21:36,46270.9,46300,783767,533014,59.52,40.48
680,28-02-2024,11:23:36,46234.2,46200,664619,518470,56.18,43.82
681,28-02-2024,11:27:32,46261.3,46300,780704,527987,59.66,40.34
682,28-02-2024,11:29:27,46222.8,46200,665160,511683,56.52,43.48
683,28-02-2024,11:31:31,46271.4,46300,782726,535071,59.4,40.6
684,28-02-2024,11:33:27,46240.25,46200,676255,515800,56.73,43.27
685,28-02-2024,11:35:22,46240.25,46200,676255,515800,56.73,43.27
686,28-02-2024,11:38:52,46277.7,46300,766237,553271,58.07,41.93
687,28-02-2024,11:40:48,46288.25,46300,771398,561274,57.88,42.12
688,28-02-2024,11:42:43,46288.25,46300,771398,561274,57.88,42.12
689,28-02-2024,11:44:39,46236.85,46200,674178,530346,55.97,44.03
690,28-02-2024,11:46:34,46212.5,46200,678049,530346,56.11,43.89
691,28-02-2024,11:48:30,46176.85,46200,678533,529855,56.15,43.85
692,28-02-2024,11:50:25,46180.1,46200,700303,516133,57.57,42.43
693,28-02-2024,11:52:21,46251.3,46300,790751,533781,59.7,40.3
694,28-02-2024,11:54:16,46251.35,46300,798861,526241,60.29,39.71
695,28-02-2024,11:56:12,46253.65,46300,799400,539706,59.7,40.3
696,28-02-2024,11:58:08,46231.9,46200,706753,519396,57.64,42.36
697,28-02-2024,12:00:03,46232.65,46200,712553,521703,57.73,42.27
698,28-02-2024,12:02:05,46249.45,46200,722009,519722,58.15,41.85
699,28-02-2024,12:04:01,46253.05,46300,822316,522677,61.14,38.86
700,28-02-2024,12:05:56,46209.25,46200,732249,507134,59.08,40.92
701,28-02-2024,12:07:51,46175.25,46200,749037,485225,60.69,39.31
702,28-02-2024,12:09:47,46164.1,46200,759561,501714,60.22,39.78
703,28-02-2024,12:11:42,46193.65,46200,759561,501714,60.22,39.78
704,28-02-2024,12:13:38,46212.5,46200,759561,501714,60.22,39.78
705,28-02-2024,12:15:33,46220.2,46200,759601,495563,60.52,39.48
706,28-02-2024,12:17:29,46220.2,46200,759601,496045,60.49,39.51
707,28-02-2024,12:21:00,46233.85,46200,760956,507528,59.99,40.01
708,28-02-2024,12:22:56,46238.8,46200,759920,514086,59.65,40.35
709,28-02-2024,12:24:55,46244.2,46200,762270,518636,59.51,40.49
710,28-02-2024,12:26:51,46222.55,46200,763581,521195,59.43,40.57
711,28-02-2024,12:28:46,46207.35,46200,769230,519731,59.68,40.32
712,28-02-2024,12:30:42,46207.35,46200,769230,519731,59.68,40.32
713,28-02-2024,12:32:38,46205.6,46200,774583,507679,60.41,39.59
714,28-02-2024,12:34:34,46205.6,46200,774583,507679,60.41,39.59
715,28-02-2024,12:36:30,46218,46200,778503,509668,60.43,39.57
716,28-02-2024,12:38:25,46219.1,46200,778427,503042,60.74,39.26
717,28-02-2024,12:40:21,46203.65,46200,778427,503042,60.74,39.26
718,28-02-2024,12:42:17,46245.05,46200,779040,500581,60.88,39.12
719,28-02-2024,13:04:19,46097.25,46100,525012,454132,53.62,46.38
720,28-02-2024,13:06:14,46100.3,46100,538018,447398,54.6,45.4
721,28-02-2024,13:11:06,46093.35,46100,568334,446440,56.01,43.99
722,28-02-2024,13:13:01,46007.35,46000,586978,380421,60.68,39.32
723,28-02-2024,13:14:57,46007.35,46000,586978,380421,60.68,39.32
724,28-02-2024,13:16:52,45962.75,46000,606243,389112,60.91,39.09
725,28-02-2024,13:18:48,45962.75,46000,606243,389112,60.91,39.09
726,28-02-2024,13:20:43,46026.9,46000,601014,361021,62.47,37.53
727,28-02-2024,13:22:39,46036,46000,601014,376715,61.47,38.53
728,28-02-2024,13:24:34,46085.05,46100,563904,380755,59.69,40.31
729,28-02-2024,13:26:29,46080.7,46100,566330,391171,59.15,40.85
730,28-02-2024,13:28:25,46099.55,46100,566330,391171,59.15,40.85
731,28-02-2024,13:30:21,46105.1,46100,561380,411078,57.73,42.27
732,28-02-2024,13:32:16,46153.65,46200,770389,426224,64.38,35.62
733,28-02-2024,13:34:12,46134.6,46100,564273,427016,56.92,43.08
734,28-02-2024,13:36:08,46228.8,46200,756846,426073,63.98,36.02
735,28-02-2024,13:38:03,46206.75,46200,723943,442108,62.09,37.91
736,28-02-2024,13:39:59,46226.05,46200,723943,442108,62.09,37.91
737,28-02-2024,13:41:54,46242.9,46200,734542,459679,61.51,38.49
738,28-02-2024,13:43:49,46208.8,46200,737776,485959,60.29,39.71
739,28-02-2024,13:45:45,46214.8,46200,737776,485959,60.29,39.71
740,28-02-2024,13:47:41,46214.8,46200,741924,489867,60.23,39.77
741,28-02-2024,13:49:36,46212.55,46200,744807,498269,59.92,40.08
742,28-02-2024,13:51:32,46186.3,46200,746936,502535,59.78,40.22
743,28-02-2024,13:53:27,46208.6,46200,746936,502535,59.78,40.22
744,28-02-2024,13:55:23,46234.2,46200,756325,503903,60.01,39.99
745,28-02-2024,13:57:22,46221.35,46200,756325,503903,60.01,39.99
746,28-02-2024,13:59:18,46228,46200,762656,502154,60.3,39.7
747,28-02-2024,14:01:30,46233.4,46200,762656,499056,60.45,39.55
748,28-02-2024,14:03:25,46252.85,46300,803898,489304,62.16,37.84
749,28-02-2024,14:05:20,46234.5,46200,757835,507417,59.9,40.1
750,28-02-2024,14:07:21,46239.1,46200,758693,510219,59.79,40.21
751,28-02-2024,14:09:17,46261.7,46300,814109,505434,61.7,38.3
752,28-02-2024,14:11:12,46261.7,46300,814109,505434,61.7,38.3
753,28-02-2024,14:13:27,46234.05,46200,757565,509408,59.79,40.21
754,28-02-2024,14:15:22,46274.25,46300,810539,508105,61.47,38.53
755,28-02-2024,14:17:18,46248.15,46200,762483,517428,59.57,40.43
756,28-02-2024,14:19:13,46216.15,46200,755028,515616,59.42,40.58
757,28-02-2024,14:21:09,46216.15,46200,755445,513759,59.52,40.48
758,28-02-2024,14:23:05,46192.6,46200,745195,516908,59.04,40.96
759,28-02-2024,14:25:02,46192.6,46200,745195,516908,59.04,40.96
760,28-02-2024,14:26:57,46201,46200,743789,520656,58.82,41.18
761,28-02-2024,14:29:01,46201,46200,743789,520656,58.82,41.18
762,28-02-2024,14:30:57,46216.6,46200,738286,521916,58.58,41.42
763,28-02-2024,14:32:52,46231.5,46200,745032,514462,59.15,40.85
764,28-02-2024,14:34:48,46237.25,46200,745032,513328,59.21,40.79
765,28-02-2024,14:36:43,46066.15,46100,516075,433495,54.35,45.65
766,28-02-2024,14:38:39,46094.9,46100,516075,433495,54.35,45.65
767,28-02-2024,14:40:35,46094.9,46100,516075,433495,54.35,45.65
768,28-02-2024,14:42:30,46064.5,46100,537256,438921,55.04,44.96
769,28-02-2024,14:44:26,46073.05,46100,550366,424203,56.47,43.53
770,28-02-2024,14:46:35,46005.5,46000,568439,414280,57.84,42.16
771,28-02-2024,14:48:31,46089.4,46100,548118,391710,58.32,41.68
772,28-02-2024,14:50:26,46089.4,46100,548118,391710,58.32,41.68
773,28-02-2024,14:52:22,46116.8,46100,548118,396671,58.01,41.99
774,28-02-2024,14:54:18,46072.15,46100,548365,395227,58.11,41.89
775,28-02-2024,14:56:13,46072.15,46100,551716,395786,58.23,41.77
776,28-02-2024,14:58:17,46083.3,46100,551716,395786,58.23,41.77
777,28-02-2024,15:00:13,46052.55,46100,546402,401050,57.67,42.33
778,28-02-2024,15:02:09,46027.05,46000,583094,393674,59.7,40.3
779,28-02-2024,15:04:04,46046.25,46000,583094,393674,59.7,40.3
780,28-02-2024,15:06:00,46060.2,46100,550988,384154,58.92,41.08
781,28-02-2024,15:07:55,46068.15,46100,553375,391933,58.54,41.46
782,28-02-2024,15:09:51,46086.3,46100,553375,391933,58.54,41.46
783,28-02-2024,15:11:47,46021.95,46000,593493,385298,60.64,39.36
784,28-02-2024,15:13:42,45975,46000,582814,359373,61.86,38.14
785,28-02-2024,15:15:38,45946.95,45900,469434,244680,65.74,34.26
786,28-02-2024,15:17:38,45956.3,46000,589868,347280,62.94,37.06
787,28-02-2024,15:19:33,45926.4,45900,481271,226861,67.96,32.04
788,28-02-2024,15:21:30,45914.7,45900,481271,226861,67.96,32.04
789,28-02-2024,15:23:25,45925.7,45900,473634,222813,68.01,31.99
790,28-02-2024,15:25:21,45934.85,45900,447909,214189,67.65,32.35
791,28-02-2024,15:27:16,45929.8,45900,447909,214189,67.65,32.35
792,28-02-2024,15:29:12,45922.8,45900,447909,214189,67.65,32.35
793,28-02-2024,15:31:10,45888.9,45900,432434,208273,67.49,32.51
794,28-02-2024,15:33:05,45909.25,45900,419132,190559,68.74,31.26
795,28-02-2024,15:35:00,45909.25,45900,419132,190559,68.74,31.26
796,28-02-2024,15:36:57,45888.9,45900,419132,190559,68.74,31.26
797,28-02-2024,15:40:05,45909.25,45900,419132,190559,68.74,31.26
